查票时间,演出ID,票档名称,票价,状态,API响应,备注
2026-06-06 13:23:08,295821,-,-,无数据,无响应,未获取到票档信息
2026-06-06 13:24:23,295821,880元票,880,售罄,无响应,
2026-06-06 13:24:23,295821,780元票,780,售罄,无响应,
2026-06-06 13:24:23,295821,580元票,580,售罄,无响应,
2026-06-06 13:24:23,295821,480元票,480,售罄,无响应,
2026-06-06 13:24:23,295821,380元票,380,售罄,无响应,
2026-06-06 13:24:23,295821,280元票,280,售罄,无响应,
2026-06-06 13:24:33,295821,880元票,880,售罄,无响应,
2026-06-06 13:24:33,295821,780元票,780,售罄,无响应,
2026-06-06 13:24:33,295821,580元票,580,售罄,无响应,
2026-06-06 13:24:33,295821,480元票,480,售罄,无响应,
2026-06-06 13:24:33,295821,380元票,380,售罄,无响应,
2026-06-06 13:24:33,295821,280元票,280,售罄,无响应,
2026-06-06 13:24:38,295821,880元票,880,售罄,无响应,
2026-06-06 13:24:38,295821,780元票,780,售罄,无响应,
2026-06-06 13:24:38,295821,580元票,580,售罄,无响应,
2026-06-06 13:24:38,295821,480元票,480,售罄,无响应,
2026-06-06 13:24:38,295821,380元票,380,售罄,无响应,
2026-06-06 13:24:38,295821,280元票,280,售罄,无响应,
2026-06-06 13:24:42,295821,880元票,880,售罄,无响应,
2026-06-06 13:24:42,295821,780元票,780,售罄,无响应,
2026-06-06 13:24:42,295821,580元票,580,售罄,无响应,
2026-06-06 13:24:42,295821,480元票,480,售罄,无响应,
2026-06-06 13:24:42,295821,380元票,380,售罄,无响应,
2026-06-06 13:24:42,295821,280元票,280,售罄,无响应,
2026-06-06 13:24:47,295821,880元票,880,售罄,无响应,
2026-06-06 13:24:47,295821,780元票,780,售罄,无响应,
2026-06-06 13:24:47,295821,580元票,580,售罄,无响应,
2026-06-06 13:24:47,295821,480元票,480,售罄,无响应,
2026-06-06 13:24:47,295821,380元票,380,售罄,无响应,
2026-06-06 13:24:47,295821,280元票,280,售罄,无响应,
2026-06-06 13:24:51,295821,880元票,880,售罄,无响应,
2026-06-06 13:24:51,295821,780元票,780,售罄,无响应,
2026-06-06 13:24:51,295821,580元票,580,售罄,无响应,
2026-06-06 13:24:51,295821,480元票,480,售罄,无响应,
2026-06-06 13:24:51,295821,380元票,380,售罄,无响应,
2026-06-06 13:24:51,295821,280元票,280,售罄,无响应,
2026-06-06 13:24:55,295821,880元票,880,售罄,无响应,
2026-06-06 13:24:55,295821,780元票,780,售罄,无响应,
2026-06-06 13:24:55,295821,580元票,580,售罄,无响应,
2026-06-06 13:24:55,295821,480元票,480,售罄,无响应,
2026-06-06 13:24:55,295821,380元票,380,售罄,无响应,
2026-06-06 13:24:55,295821,280元票,280,售罄,无响应,
2026-06-06 13:25:00,295821,880元票,880,售罄,无响应,
2026-06-06 13:25:00,295821,780元票,780,售罄,无响应,
2026-06-06 13:25:00,295821,580元票,580,售罄,无响应,
2026-06-06 13:25:00,295821,480元票,480,售罄,无响应,
2026-06-06 13:25:00,295821,380元票,380,售罄,无响应,
2026-06-06 13:25:00,295821,280元票,280,售罄,无响应,
2026-06-06 13:25:04,295821,880元票,880,售罄,无响应,
2026-06-06 13:25:04,295821,780元票,780,售罄,无响应,
2026-06-06 13:25:04,295821,580元票,580,售罄,无响应,
2026-06-06 13:25:04,295821,480元票,480,售罄,无响应,
2026-06-06 13:25:04,295821,380元票,380,售罄,无响应,
2026-06-06 13:25:04,295821,280元票,280,售罄,无响应,
2026-06-06 13:25:08,295821,880元票,880,售罄,无响应,
2026-06-06 13:25:08,295821,780元票,780,售罄,无响应,
2026-06-06 13:25:08,295821,580元票,580,售罄,无响应,
2026-06-06 13:25:08,295821,480元票,480,售罄,无响应,
2026-06-06 13:25:08,295821,380元票,380,售罄,无响应,
2026-06-06 13:25:08,295821,280元票,280,售罄,无响应,
2026-06-06 13:25:13,295821,880元票,880,售罄,无响应,
2026-06-06 13:25:13,295821,780元票,780,售罄,无响应,
2026-06-06 13:25:13,295821,580元票,580,售罄,无响应,
2026-06-06 13:25:13,295821,480元票,480,售罄,无响应,
2026-06-06 13:25:13,295821,380元票,380,售罄,无响应,
2026-06-06 13:25:13,295821,280元票,280,售罄,无响应,
2026-06-06 13:25:17,295821,880元票,880,售罄,无响应,
2026-06-06 13:25:17,295821,780元票,780,售罄,无响应,
2026-06-06 13:25:17,295821,580元票,580,售罄,无响应,
2026-06-06 13:25:17,295821,480元票,480,售罄,无响应,
2026-06-06 13:25:17,295821,380元票,380,售罄,无响应,
2026-06-06 13:25:17,295821,280元票,280,售罄,无响应,
2026-06-06 13:25:22,295821,880元票,880,售罄,无响应,
2026-06-06 13:25:22,295821,780元票,780,售罄,无响应,
2026-06-06 13:25:22,295821,580元票,580,售罄,无响应,
2026-06-06 13:25:22,295821,480元票,480,售罄,无响应,
2026-06-06 13:25:22,295821,380元票,380,售罄,无响应,
2026-06-06 13:25:22,295821,280元票,280,售罄,无响应,
2026-06-06 13:25:26,295821,880元票,880,售罄,无响应,
2026-06-06 13:25:26,295821,780元票,780,售罄,无响应,
2026-06-06 13:25:26,295821,580元票,580,售罄,无响应,
2026-06-06 13:25:26,295821,480元票,480,售罄,无响应,
2026-06-06 13:25:26,295821,380元票,380,售罄,无响应,
2026-06-06 13:25:26,295821,280元票,280,售罄,无响应,
2026-06-06 13:25:30,295821,880元票,880,售罄,无响应,
2026-06-06 13:25:30,295821,780元票,780,售罄,无响应,
2026-06-06 13:25:30,295821,580元票,580,售罄,无响应,
2026-06-06 13:25:30,295821,480元票,480,售罄,无响应,
2026-06-06 13:25:30,295821,380元票,380,售罄,无响应,
2026-06-06 13:25:30,295821,280元票,280,售罄,无响应,
2026-06-06 13:25:35,295821,880元票,880,售罄,无响应,
2026-06-06 13:25:35,295821,780元票,780,售罄,无响应,
2026-06-06 13:25:35,295821,580元票,580,售罄,无响应,
2026-06-06 13:25:35,295821,480元票,480,售罄,无响应,
2026-06-06 13:25:35,295821,380元票,380,售罄,无响应,
2026-06-06 13:25:35,295821,280元票,280,售罄,无响应,
2026-06-06 13:25:39,295821,880元票,880,售罄,无响应,
2026-06-06 13:25:39,295821,780元票,780,售罄,无响应,
2026-06-06 13:25:39,295821,580元票,580,售罄,无响应,
2026-06-06 13:25:39,295821,480元票,480,售罄,无响应,
2026-06-06 13:25:39,295821,380元票,380,售罄,无响应,
2026-06-06 13:25:39,295821,280元票,280,售罄,无响应,
2026-06-06 13:25:43,295821,880元票,880,售罄,无响应,
2026-06-06 13:25:43,295821,780元票,780,售罄,无响应,
2026-06-06 13:25:43,295821,580元票,580,售罄,无响应,
2026-06-06 13:25:43,295821,480元票,480,售罄,无响应,
2026-06-06 13:25:43,295821,380元票,380,售罄,无响应,
2026-06-06 13:25:43,295821,280元票,280,售罄,无响应,
2026-06-06 13:25:48,295821,880元票,880,售罄,无响应,
2026-06-06 13:25:48,295821,780元票,780,售罄,无响应,
2026-06-06 13:25:48,295821,580元票,580,售罄,无响应,
2026-06-06 13:25:48,295821,480元票,480,售罄,无响应,
2026-06-06 13:25:48,295821,380元票,380,售罄,无响应,
2026-06-06 13:25:48,295821,280元票,280,售罄,无响应,
2026-06-06 13:25:52,295821,880元票,880,售罄,无响应,
2026-06-06 13:25:52,295821,780元票,780,售罄,无响应,
2026-06-06 13:25:52,295821,580元票,580,售罄,无响应,
2026-06-06 13:25:52,295821,480元票,480,售罄,无响应,
2026-06-06 13:25:52,295821,380元票,380,售罄,无响应,
2026-06-06 13:25:52,295821,280元票,280,售罄,无响应,
2026-06-06 13:25:56,295821,880元票,880,售罄,无响应,
2026-06-06 13:25:56,295821,780元票,780,售罄,无响应,
2026-06-06 13:25:56,295821,580元票,580,售罄,无响应,
2026-06-06 13:25:56,295821,480元票,480,售罄,无响应,
2026-06-06 13:25:56,295821,380元票,380,售罄,无响应,
2026-06-06 13:25:56,295821,280元票,280,售罄,无响应,
2026-06-06 13:26:01,295821,880元票,880,售罄,无响应,
2026-06-06 13:26:01,295821,780元票,780,售罄,无响应,
2026-06-06 13:26:01,295821,580元票,580,售罄,无响应,
2026-06-06 13:26:01,295821,480元票,480,售罄,无响应,
2026-06-06 13:26:01,295821,380元票,380,售罄,无响应,
2026-06-06 13:26:01,295821,280元票,280,售罄,无响应,
2026-06-06 13:26:05,295821,880元票,880,售罄,无响应,
2026-06-06 13:26:05,295821,780元票,780,售罄,无响应,
2026-06-06 13:26:05,295821,580元票,580,售罄,无响应,
2026-06-06 13:26:05,295821,480元票,480,售罄,无响应,
2026-06-06 13:26:05,295821,380元票,380,售罄,无响应,
2026-06-06 13:26:05,295821,280元票,280,售罄,无响应,
2026-06-06 13:26:10,295821,880元票,880,售罄,无响应,
2026-06-06 13:26:10,295821,780元票,780,售罄,无响应,
2026-06-06 13:26:10,295821,580元票,580,售罄,无响应,
2026-06-06 13:26:10,295821,480元票,480,售罄,无响应,
2026-06-06 13:26:10,295821,380元票,380,售罄,无响应,
2026-06-06 13:26:10,295821,280元票,280,售罄,无响应,
2026-06-06 13:26:14,295821,880元票,880,售罄,无响应,
2026-06-06 13:26:14,295821,780元票,780,售罄,无响应,
2026-06-06 13:26:14,295821,580元票,580,售罄,无响应,
2026-06-06 13:26:14,295821,480元票,480,售罄,无响应,
2026-06-06 13:26:14,295821,380元票,380,售罄,无响应,
2026-06-06 13:26:14,295821,280元票,280,售罄,无响应,
2026-06-06 13:26:18,295821,880元票,880,售罄,无响应,
2026-06-06 13:26:18,295821,780元票,780,售罄,无响应,
2026-06-06 13:26:18,295821,580元票,580,售罄,无响应,
2026-06-06 13:26:18,295821,480元票,480,售罄,无响应,
2026-06-06 13:26:18,295821,380元票,380,售罄,无响应,
2026-06-06 13:26:18,295821,280元票,280,售罄,无响应,
2026-06-06 13:26:23,295821,880元票,880,售罄,无响应,
2026-06-06 13:26:23,295821,780元票,780,售罄,无响应,
2026-06-06 13:26:23,295821,580元票,580,售罄,无响应,
2026-06-06 13:26:23,295821,480元票,480,售罄,无响应,
2026-06-06 13:26:23,295821,380元票,380,售罄,无响应,
2026-06-06 13:26:23,295821,280元票,280,售罄,无响应,
2026-06-06 13:26:27,295821,880元票,880,售罄,无响应,
2026-06-06 13:26:27,295821,780元票,780,售罄,无响应,
2026-06-06 13:26:27,295821,580元票,580,售罄,无响应,
2026-06-06 13:26:27,295821,480元票,480,售罄,无响应,
2026-06-06 13:26:27,295821,380元票,380,售罄,无响应,
2026-06-06 13:26:27,295821,280元票,280,售罄,无响应,
2026-06-06 13:26:32,295821,880元票,880,售罄,无响应,
2026-06-06 13:26:32,295821,780元票,780,售罄,无响应,
2026-06-06 13:26:32,295821,580元票,580,售罄,无响应,
2026-06-06 13:26:32,295821,480元票,480,售罄,无响应,
2026-06-06 13:26:32,295821,380元票,380,售罄,无响应,
2026-06-06 13:26:32,295821,280元票,280,售罄,无响应,
2026-06-06 13:26:36,295821,880元票,880,售罄,无响应,
2026-06-06 13:26:36,295821,780元票,780,售罄,无响应,
2026-06-06 13:26:36,295821,580元票,580,售罄,无响应,
2026-06-06 13:26:36,295821,480元票,480,售罄,无响应,
2026-06-06 13:26:36,295821,380元票,380,售罄,无响应,
2026-06-06 13:26:36,295821,280元票,280,售罄,无响应,
2026-06-06 13:26:40,295821,880元票,880,售罄,无响应,
2026-06-06 13:26:40,295821,780元票,780,售罄,无响应,
2026-06-06 13:26:40,295821,580元票,580,售罄,无响应,
2026-06-06 13:26:40,295821,480元票,480,售罄,无响应,
2026-06-06 13:26:40,295821,380元票,380,售罄,无响应,
2026-06-06 13:26:40,295821,280元票,280,售罄,无响应,
2026-06-06 13:26:45,295821,880元票,880,售罄,无响应,
2026-06-06 13:26:45,295821,780元票,780,售罄,无响应,
2026-06-06 13:26:45,295821,580元票,580,售罄,无响应,
2026-06-06 13:26:45,295821,480元票,480,售罄,无响应,
2026-06-06 13:26:45,295821,380元票,380,售罄,无响应,
2026-06-06 13:26:45,295821,280元票,280,售罄,无响应,
2026-06-06 13:26:49,295821,880元票,880,售罄,无响应,
2026-06-06 13:26:49,295821,780元票,780,售罄,无响应,
2026-06-06 13:26:49,295821,580元票,580,售罄,无响应,
2026-06-06 13:26:49,295821,480元票,480,售罄,无响应,
2026-06-06 13:26:49,295821,380元票,380,售罄,无响应,
2026-06-06 13:26:49,295821,280元票,280,售罄,无响应,
2026-06-06 13:26:53,295821,880元票,880,售罄,无响应,
2026-06-06 13:26:53,295821,780元票,780,售罄,无响应,
2026-06-06 13:26:53,295821,580元票,580,售罄,无响应,
2026-06-06 13:26:53,295821,480元票,480,售罄,无响应,
2026-06-06 13:26:53,295821,380元票,380,售罄,无响应,
2026-06-06 13:26:53,295821,280元票,280,售罄,无响应,
2026-06-06 13:26:58,295821,880元票,880,售罄,无响应,
2026-06-06 13:26:58,295821,780元票,780,售罄,无响应,
2026-06-06 13:26:58,295821,580元票,580,售罄,无响应,
2026-06-06 13:26:58,295821,480元票,480,售罄,无响应,
2026-06-06 13:26:58,295821,380元票,380,售罄,无响应,
2026-06-06 13:26:58,295821,280元票,280,售罄,无响应,
2026-06-06 13:27:02,295821,880元票,880,售罄,无响应,
2026-06-06 13:27:02,295821,780元票,780,售罄,无响应,
2026-06-06 13:27:02,295821,580元票,580,售罄,无响应,
2026-06-06 13:27:02,295821,480元票,480,售罄,无响应,
2026-06-06 13:27:02,295821,380元票,380,售罄,无响应,
2026-06-06 13:27:02,295821,280元票,280,售罄,无响应,
2026-06-06 13:27:07,295821,880元票,880,售罄,无响应,
2026-06-06 13:27:07,295821,780元票,780,售罄,无响应,
2026-06-06 13:27:07,295821,580元票,580,售罄,无响应,
2026-06-06 13:27:07,295821,480元票,480,售罄,无响应,
2026-06-06 13:27:07,295821,380元票,380,售罄,无响应,
2026-06-06 13:27:07,295821,280元票,280,售罄,无响应,
2026-06-06 13:27:11,295821,880元票,880,售罄,无响应,
2026-06-06 13:27:11,295821,780元票,780,售罄,无响应,
2026-06-06 13:27:11,295821,580元票,580,售罄,无响应,
2026-06-06 13:27:11,295821,480元票,480,售罄,无响应,
2026-06-06 13:27:11,295821,380元票,380,售罄,无响应,
2026-06-06 13:27:11,295821,280元票,280,售罄,无响应,
2026-06-06 13:27:15,295821,880元票,880,售罄,无响应,
2026-06-06 13:27:15,295821,780元票,780,售罄,无响应,
2026-06-06 13:27:15,295821,580元票,580,售罄,无响应,
2026-06-06 13:27:15,295821,480元票,480,售罄,无响应,
2026-06-06 13:27:15,295821,380元票,380,售罄,无响应,
2026-06-06 13:27:15,295821,280元票,280,售罄,无响应,
2026-06-06 13:27:20,295821,880元票,880,售罄,无响应,
2026-06-06 13:27:20,295821,780元票,780,售罄,无响应,
2026-06-06 13:27:20,295821,580元票,580,售罄,无响应,
2026-06-06 13:27:20,295821,480元票,480,售罄,无响应,
2026-06-06 13:27:20,295821,380元票,380,售罄,无响应,
2026-06-06 13:27:20,295821,280元票,280,售罄,无响应,
2026-06-06 13:27:24,295821,880元票,880,售罄,无响应,
2026-06-06 13:27:24,295821,780元票,780,售罄,无响应,
2026-06-06 13:27:24,295821,580元票,580,售罄,无响应,
2026-06-06 13:27:24,295821,480元票,480,售罄,无响应,
2026-06-06 13:27:24,295821,380元票,380,售罄,无响应,
2026-06-06 13:27:24,295821,280元票,280,售罄,无响应,
2026-06-06 13:27:29,295821,880元票,880,售罄,无响应,
2026-06-06 13:27:29,295821,780元票,780,售罄,无响应,
2026-06-06 13:27:29,295821,580元票,580,售罄,无响应,
2026-06-06 13:27:29,295821,480元票,480,售罄,无响应,
2026-06-06 13:27:29,295821,380元票,380,售罄,无响应,
2026-06-06 13:27:29,295821,280元票,280,售罄,无响应,
2026-06-06 13:27:33,295821,880元票,880,售罄,无响应,
2026-06-06 13:27:33,295821,780元票,780,售罄,无响应,
2026-06-06 13:27:33,295821,580元票,580,售罄,无响应,
2026-06-06 13:27:33,295821,480元票,480,售罄,无响应,
2026-06-06 13:27:33,295821,380元票,380,售罄,无响应,
2026-06-06 13:27:33,295821,280元票,280,售罄,无响应,
2026-06-06 13:27:37,295821,880元票,880,售罄,无响应,
2026-06-06 13:27:37,295821,780元票,780,售罄,无响应,
2026-06-06 13:27:37,295821,580元票,580,售罄,无响应,
2026-06-06 13:27:37,295821,480元票,480,售罄,无响应,
2026-06-06 13:27:37,295821,380元票,380,售罄,无响应,
2026-06-06 13:27:37,295821,280元票,280,售罄,无响应,
2026-06-06 13:27:42,295821,880元票,880,售罄,无响应,
2026-06-06 13:27:42,295821,780元票,780,售罄,无响应,
2026-06-06 13:27:42,295821,580元票,580,售罄,无响应,
2026-06-06 13:27:42,295821,480元票,480,售罄,无响应,
2026-06-06 13:27:42,295821,380元票,380,售罄,无响应,
2026-06-06 13:27:42,295821,280元票,280,售罄,无响应,
2026-06-06 13:27:46,295821,880元票,880,售罄,无响应,
2026-06-06 13:27:46,295821,780元票,780,售罄,无响应,
2026-06-06 13:27:46,295821,580元票,580,售罄,无响应,
2026-06-06 13:27:46,295821,480元票,480,售罄,无响应,
2026-06-06 13:27:46,295821,380元票,380,售罄,无响应,
2026-06-06 13:27:46,295821,280元票,280,售罄,无响应,
2026-06-06 13:27:51,295821,880元票,880,售罄,无响应,
2026-06-06 13:27:51,295821,780元票,780,售罄,无响应,
2026-06-06 13:27:51,295821,580元票,580,售罄,无响应,
2026-06-06 13:27:51,295821,480元票,480,售罄,无响应,
2026-06-06 13:27:51,295821,380元票,380,售罄,无响应,
2026-06-06 13:27:51,295821,280元票,280,售罄,无响应,
2026-06-06 13:27:55,295821,880元票,880,售罄,无响应,
2026-06-06 13:27:55,295821,780元票,780,售罄,无响应,
2026-06-06 13:27:55,295821,580元票,580,售罄,无响应,
2026-06-06 13:27:55,295821,480元票,480,售罄,无响应,
2026-06-06 13:27:55,295821,380元票,380,售罄,无响应,
2026-06-06 13:27:55,295821,280元票,280,售罄,无响应,
2026-06-06 13:27:59,295821,880元票,880,售罄,无响应,
2026-06-06 13:27:59,295821,780元票,780,售罄,无响应,
2026-06-06 13:27:59,295821,580元票,580,售罄,无响应,
2026-06-06 13:27:59,295821,480元票,480,售罄,无响应,
2026-06-06 13:27:59,295821,380元票,380,售罄,无响应,
2026-06-06 13:27:59,295821,280元票,280,售罄,无响应,
2026-06-06 13:28:04,295821,880元票,880,售罄,无响应,
2026-06-06 13:28:04,295821,780元票,780,售罄,无响应,
2026-06-06 13:28:04,295821,580元票,580,售罄,无响应,
2026-06-06 13:28:04,295821,480元票,480,售罄,无响应,
2026-06-06 13:28:04,295821,380元票,380,售罄,无响应,
2026-06-06 13:28:04,295821,280元票,280,售罄,无响应,
2026-06-06 13:28:08,295821,880元票,880,售罄,无响应,
2026-06-06 13:28:08,295821,780元票,780,售罄,无响应,
2026-06-06 13:28:08,295821,580元票,580,售罄,无响应,
2026-06-06 13:28:08,295821,480元票,480,售罄,无响应,
2026-06-06 13:28:08,295821,380元票,380,售罄,无响应,
2026-06-06 13:28:08,295821,280元票,280,售罄,无响应,
2026-06-06 13:28:13,295821,880元票,880,售罄,无响应,
2026-06-06 13:28:13,295821,780元票,780,售罄,无响应,
2026-06-06 13:28:13,295821,580元票,580,售罄,无响应,
2026-06-06 13:28:13,295821,480元票,480,售罄,无响应,
2026-06-06 13:28:13,295821,380元票,380,售罄,无响应,
2026-06-06 13:28:13,295821,280元票,280,售罄,无响应,
2026-06-06 13:28:17,295821,880元票,880,售罄,无响应,
2026-06-06 13:28:17,295821,780元票,780,售罄,无响应,
2026-06-06 13:28:17,295821,580元票,580,售罄,无响应,
2026-06-06 13:28:17,295821,480元票,480,售罄,无响应,
2026-06-06 13:28:17,295821,380元票,380,售罄,无响应,
2026-06-06 13:28:17,295821,280元票,280,售罄,无响应,
2026-06-06 13:28:21,295821,880元票,880,售罄,无响应,
2026-06-06 13:28:21,295821,780元票,780,售罄,无响应,
2026-06-06 13:28:21,295821,580元票,580,售罄,无响应,
2026-06-06 13:28:21,295821,480元票,480,售罄,无响应,
2026-06-06 13:28:21,295821,380元票,380,售罄,无响应,
2026-06-06 13:28:21,295821,280元票,280,售罄,无响应,
2026-06-06 13:28:26,295821,880元票,880,售罄,无响应,
2026-06-06 13:28:26,295821,780元票,780,售罄,无响应,
2026-06-06 13:28:26,295821,580元票,580,售罄,无响应,
2026-06-06 13:28:26,295821,480元票,480,售罄,无响应,
2026-06-06 13:28:26,295821,380元票,380,售罄,无响应,
2026-06-06 13:28:26,295821,280元票,280,售罄,无响应,
2026-06-06 13:28:30,295821,880元票,880,售罄,无响应,
2026-06-06 13:28:30,295821,780元票,780,售罄,无响应,
2026-06-06 13:28:30,295821,580元票,580,售罄,无响应,
2026-06-06 13:28:30,295821,480元票,480,售罄,无响应,
2026-06-06 13:28:30,295821,380元票,380,售罄,无响应,
2026-06-06 13:28:30,295821,280元票,280,售罄,无响应,
2026-06-06 13:28:35,295821,880元票,880,售罄,无响应,
2026-06-06 13:28:35,295821,780元票,780,售罄,无响应,
2026-06-06 13:28:35,295821,580元票,580,售罄,无响应,
2026-06-06 13:28:35,295821,480元票,480,售罄,无响应,
2026-06-06 13:28:35,295821,380元票,380,售罄,无响应,
2026-06-06 13:28:35,295821,280元票,280,售罄,无响应,
2026-06-06 13:28:39,295821,880元票,880,售罄,无响应,
2026-06-06 13:28:39,295821,780元票,780,售罄,无响应,
2026-06-06 13:28:39,295821,580元票,580,售罄,无响应,
2026-06-06 13:28:39,295821,480元票,480,售罄,无响应,
2026-06-06 13:28:39,295821,380元票,380,售罄,无响应,
2026-06-06 13:28:39,295821,280元票,280,售罄,无响应,
2026-06-06 13:28:44,295821,880元票,880,售罄,无响应,
2026-06-06 13:28:44,295821,780元票,780,售罄,无响应,
2026-06-06 13:28:44,295821,580元票,580,售罄,无响应,
2026-06-06 13:28:44,295821,480元票,480,售罄,无响应,
2026-06-06 13:28:44,295821,380元票,380,售罄,无响应,
2026-06-06 13:28:44,295821,280元票,280,售罄,无响应,
2026-06-06 13:28:48,295821,880元票,880,售罄,无响应,
2026-06-06 13:28:48,295821,780元票,780,售罄,无响应,
2026-06-06 13:28:48,295821,580元票,580,售罄,无响应,
2026-06-06 13:28:48,295821,480元票,480,售罄,无响应,
2026-06-06 13:28:48,295821,380元票,380,售罄,无响应,
2026-06-06 13:28:48,295821,280元票,280,售罄,无响应,
2026-06-06 13:28:53,295821,880元票,880,售罄,无响应,
2026-06-06 13:28:53,295821,780元票,780,售罄,无响应,
2026-06-06 13:28:53,295821,580元票,580,售罄,无响应,
2026-06-06 13:28:53,295821,480元票,480,售罄,无响应,
2026-06-06 13:28:53,295821,380元票,380,售罄,无响应,
2026-06-06 13:28:53,295821,280元票,280,售罄,无响应,
2026-06-06 13:28:57,295821,880元票,880,售罄,无响应,
2026-06-06 13:28:57,295821,780元票,780,售罄,无响应,
2026-06-06 13:28:57,295821,580元票,580,售罄,无响应,
2026-06-06 13:28:57,295821,480元票,480,售罄,无响应,
2026-06-06 13:28:57,295821,380元票,380,售罄,无响应,
2026-06-06 13:28:57,295821,280元票,280,售罄,无响应,
2026-06-06 13:29:01,295821,880元票,880,售罄,无响应,
2026-06-06 13:29:01,295821,780元票,780,售罄,无响应,
2026-06-06 13:29:01,295821,580元票,580,售罄,无响应,
2026-06-06 13:29:01,295821,480元票,480,售罄,无响应,
2026-06-06 13:29:01,295821,380元票,380,售罄,无响应,
2026-06-06 13:29:01,295821,280元票,280,售罄,无响应,
2026-06-06 13:29:06,295821,880元票,880,售罄,无响应,
2026-06-06 13:29:06,295821,780元票,780,售罄,无响应,
2026-06-06 13:29:06,295821,580元票,580,售罄,无响应,
2026-06-06 13:29:06,295821,480元票,480,售罄,无响应,
2026-06-06 13:29:06,295821,380元票,380,售罄,无响应,
2026-06-06 13:29:06,295821,280元票,280,售罄,无响应,
2026-06-06 13:29:11,295821,880元票,880,售罄,无响应,
2026-06-06 13:29:11,295821,780元票,780,售罄,无响应,
2026-06-06 13:29:11,295821,580元票,580,售罄,无响应,
2026-06-06 13:29:11,295821,480元票,480,售罄,无响应,
2026-06-06 13:29:11,295821,380元票,380,售罄,无响应,
2026-06-06 13:29:11,295821,280元票,280,售罄,无响应,
2026-06-06 13:29:15,295821,880元票,880,售罄,无响应,
2026-06-06 13:29:15,295821,780元票,780,售罄,无响应,
2026-06-06 13:29:15,295821,580元票,580,售罄,无响应,
2026-06-06 13:29:15,295821,480元票,480,售罄,无响应,
2026-06-06 13:29:15,295821,380元票,380,售罄,无响应,
2026-06-06 13:29:15,295821,280元票,280,售罄,无响应,
2026-06-06 13:29:20,295821,880元票,880,售罄,无响应,
2026-06-06 13:29:20,295821,780元票,780,售罄,无响应,
2026-06-06 13:29:20,295821,580元票,580,售罄,无响应,
2026-06-06 13:29:20,295821,480元票,480,售罄,无响应,
2026-06-06 13:29:20,295821,380元票,380,售罄,无响应,
2026-06-06 13:29:20,295821,280元票,280,售罄,无响应,
2026-06-06 13:29:24,295821,880元票,880,售罄,无响应,
2026-06-06 13:29:24,295821,780元票,780,售罄,无响应,
2026-06-06 13:29:24,295821,580元票,580,售罄,无响应,
2026-06-06 13:29:24,295821,480元票,480,售罄,无响应,
2026-06-06 13:29:24,295821,380元票,380,售罄,无响应,
2026-06-06 13:29:24,295821,280元票,280,售罄,无响应,
2026-06-06 13:29:28,295821,880元票,880,售罄,无响应,
2026-06-06 13:29:28,295821,780元票,780,售罄,无响应,
2026-06-06 13:29:28,295821,580元票,580,售罄,无响应,
2026-06-06 13:29:28,295821,480元票,480,售罄,无响应,
2026-06-06 13:29:28,295821,380元票,380,售罄,无响应,
2026-06-06 13:29:28,295821,280元票,280,售罄,无响应,
2026-06-06 13:29:33,295821,880元票,880,售罄,无响应,
2026-06-06 13:29:33,295821,780元票,780,售罄,无响应,
2026-06-06 13:29:33,295821,580元票,580,售罄,无响应,
2026-06-06 13:29:33,295821,480元票,480,售罄,无响应,
2026-06-06 13:29:33,295821,380元票,380,售罄,无响应,
2026-06-06 13:29:33,295821,280元票,280,售罄,无响应,
2026-06-06 13:29:39,295821,880元票,880,售罄,无响应,
2026-06-06 13:29:39,295821,780元票,780,售罄,无响应,
2026-06-06 13:29:39,295821,580元票,580,售罄,无响应,
2026-06-06 13:29:39,295821,480元票,480,售罄,无响应,
2026-06-06 13:29:39,295821,380元票,380,售罄,无响应,
2026-06-06 13:29:39,295821,280元票,280,售罄,无响应,
2026-06-06 13:29:44,295821,880元票,880,售罄,无响应,
2026-06-06 13:29:44,295821,780元票,780,售罄,无响应,
2026-06-06 13:29:44,295821,580元票,580,售罄,无响应,
2026-06-06 13:29:44,295821,480元票,480,售罄,无响应,
2026-06-06 13:29:44,295821,380元票,380,售罄,无响应,
2026-06-06 13:29:44,295821,280元票,280,售罄,无响应,
2026-06-06 13:29:48,295821,880元票,880,售罄,无响应,
2026-06-06 13:29:48,295821,780元票,780,售罄,无响应,
2026-06-06 13:29:48,295821,580元票,580,售罄,无响应,
2026-06-06 13:29:48,295821,480元票,480,售罄,无响应,
2026-06-06 13:29:48,295821,380元票,380,售罄,无响应,
2026-06-06 13:29:48,295821,280元票,280,售罄,无响应,
2026-06-06 13:29:53,295821,880元票,880,售罄,无响应,
2026-06-06 13:29:53,295821,780元票,780,售罄,无响应,
2026-06-06 13:29:53,295821,580元票,580,售罄,无响应,
2026-06-06 13:29:53,295821,480元票,480,售罄,无响应,
2026-06-06 13:29:53,295821,380元票,380,售罄,无响应,
2026-06-06 13:29:53,295821,280元票,280,售罄,无响应,
2026-06-06 13:29:57,295821,880元票,880,售罄,无响应,
2026-06-06 13:29:57,295821,780元票,780,售罄,无响应,
2026-06-06 13:29:57,295821,580元票,580,售罄,无响应,
2026-06-06 13:29:57,295821,480元票,480,售罄,无响应,
2026-06-06 13:29:57,295821,380元票,380,售罄,无响应,
2026-06-06 13:29:57,295821,280元票,280,售罄,无响应,
2026-06-06 13:30:01,295821,880元票,880,售罄,无响应,
2026-06-06 13:30:01,295821,780元票,780,售罄,无响应,
2026-06-06 13:30:01,295821,580元票,580,售罄,无响应,
2026-06-06 13:30:01,295821,480元票,480,售罄,无响应,
2026-06-06 13:30:01,295821,380元票,380,售罄,无响应,
2026-06-06 13:30:01,295821,280元票,280,售罄,无响应,
2026-06-06 13:30:06,295821,880元票,880,售罄,无响应,
2026-06-06 13:30:06,295821,780元票,780,售罄,无响应,
2026-06-06 13:30:06,295821,580元票,580,售罄,无响应,
2026-06-06 13:30:06,295821,480元票,480,售罄,无响应,
2026-06-06 13:30:06,295821,380元票,380,售罄,无响应,
2026-06-06 13:30:06,295821,280元票,280,售罄,无响应,
2026-06-06 13:30:10,295821,880元票,880,售罄,无响应,
2026-06-06 13:30:10,295821,780元票,780,售罄,无响应,
2026-06-06 13:30:10,295821,580元票,580,售罄,无响应,
2026-06-06 13:30:10,295821,480元票,480,售罄,无响应,
2026-06-06 13:30:10,295821,380元票,380,售罄,无响应,
2026-06-06 13:30:10,295821,280元票,280,售罄,无响应,
2026-06-06 13:30:14,295821,880元票,880,售罄,无响应,
2026-06-06 13:30:14,295821,780元票,780,售罄,无响应,
2026-06-06 13:30:14,295821,580元票,580,售罄,无响应,
2026-06-06 13:30:14,295821,480元票,480,售罄,无响应,
2026-06-06 13:30:14,295821,380元票,380,售罄,无响应,
2026-06-06 13:30:14,295821,280元票,280,售罄,无响应,
2026-06-06 13:30:19,295821,880元票,880,售罄,无响应,
2026-06-06 13:30:19,295821,780元票,780,售罄,无响应,
2026-06-06 13:30:19,295821,580元票,580,售罄,无响应,
2026-06-06 13:30:19,295821,480元票,480,售罄,无响应,
2026-06-06 13:30:19,295821,380元票,380,售罄,无响应,
2026-06-06 13:30:19,295821,280元票,280,售罄,无响应,
2026-06-06 13:30:23,295821,880元票,880,售罄,无响应,
2026-06-06 13:30:23,295821,780元票,780,售罄,无响应,
2026-06-06 13:30:23,295821,580元票,580,售罄,无响应,
2026-06-06 13:30:23,295821,480元票,480,售罄,无响应,
2026-06-06 13:30:23,295821,380元票,380,售罄,无响应,
2026-06-06 13:30:23,295821,280元票,280,售罄,无响应,
2026-06-06 13:30:27,295821,880元票,880,售罄,无响应,
2026-06-06 13:30:27,295821,780元票,780,售罄,无响应,
2026-06-06 13:30:27,295821,580元票,580,售罄,无响应,
2026-06-06 13:30:27,295821,480元票,480,售罄,无响应,
2026-06-06 13:30:27,295821,380元票,380,售罄,无响应,
2026-06-06 13:30:27,295821,280元票,280,售罄,无响应,
2026-06-06 13:30:32,295821,880元票,880,售罄,无响应,
2026-06-06 13:30:32,295821,780元票,780,售罄,无响应,
2026-06-06 13:30:32,295821,580元票,580,售罄,无响应,
2026-06-06 13:30:32,295821,480元票,480,售罄,无响应,
2026-06-06 13:30:32,295821,380元票,380,售罄,无响应,
2026-06-06 13:30:32,295821,280元票,280,售罄,无响应,
2026-06-06 13:30:36,295821,880元票,880,售罄,无响应,
2026-06-06 13:30:36,295821,780元票,780,售罄,无响应,
2026-06-06 13:30:36,295821,580元票,580,售罄,无响应,
2026-06-06 13:30:36,295821,480元票,480,售罄,无响应,
2026-06-06 13:30:36,295821,380元票,380,售罄,无响应,
2026-06-06 13:30:36,295821,280元票,280,售罄,无响应,
2026-06-06 13:30:41,295821,880元票,880,售罄,无响应,
2026-06-06 13:30:41,295821,780元票,780,售罄,无响应,
2026-06-06 13:30:41,295821,580元票,580,售罄,无响应,
2026-06-06 13:30:41,295821,480元票,480,售罄,无响应,
2026-06-06 13:30:41,295821,380元票,380,售罄,无响应,
2026-06-06 13:30:41,295821,280元票,280,售罄,无响应,
2026-06-06 13:30:45,295821,880元票,880,售罄,无响应,
2026-06-06 13:30:45,295821,780元票,780,售罄,无响应,
2026-06-06 13:30:45,295821,580元票,580,售罄,无响应,
2026-06-06 13:30:45,295821,480元票,480,售罄,无响应,
2026-06-06 13:30:45,295821,380元票,380,售罄,无响应,
2026-06-06 13:30:45,295821,280元票,280,售罄,无响应,
2026-06-06 13:30:49,295821,880元票,880,售罄,无响应,
2026-06-06 13:30:49,295821,780元票,780,售罄,无响应,
2026-06-06 13:30:49,295821,580元票,580,售罄,无响应,
2026-06-06 13:30:49,295821,480元票,480,售罄,无响应,
2026-06-06 13:30:49,295821,380元票,380,售罄,无响应,
2026-06-06 13:30:49,295821,280元票,280,售罄,无响应,
2026-06-06 13:30:54,295821,880元票,880,售罄,无响应,
2026-06-06 13:30:54,295821,780元票,780,售罄,无响应,
2026-06-06 13:30:54,295821,580元票,580,售罄,无响应,
2026-06-06 13:30:54,295821,480元票,480,售罄,无响应,
2026-06-06 13:30:54,295821,380元票,380,售罄,无响应,
2026-06-06 13:30:54,295821,280元票,280,售罄,无响应,
2026-06-06 13:30:58,295821,880元票,880,售罄,无响应,
2026-06-06 13:30:58,295821,780元票,780,售罄,无响应,
2026-06-06 13:30:58,295821,580元票,580,售罄,无响应,
2026-06-06 13:30:58,295821,480元票,480,售罄,无响应,
2026-06-06 13:30:58,295821,380元票,380,售罄,无响应,
2026-06-06 13:30:58,295821,280元票,280,售罄,无响应,
2026-06-06 13:31:02,295821,880元票,880,售罄,无响应,
2026-06-06 13:31:02,295821,780元票,780,售罄,无响应,
2026-06-06 13:31:02,295821,580元票,580,售罄,无响应,
2026-06-06 13:31:02,295821,480元票,480,售罄,无响应,
2026-06-06 13:31:02,295821,380元票,380,售罄,无响应,
2026-06-06 13:31:02,295821,280元票,280,售罄,无响应,
2026-06-06 13:31:07,295821,880元票,880,售罄,无响应,
2026-06-06 13:31:07,295821,780元票,780,售罄,无响应,
2026-06-06 13:31:07,295821,580元票,580,售罄,无响应,
2026-06-06 13:31:07,295821,480元票,480,售罄,无响应,
2026-06-06 13:31:07,295821,380元票,380,售罄,无响应,
2026-06-06 13:31:07,295821,280元票,280,售罄,无响应,
2026-06-06 13:31:11,295821,880元票,880,售罄,无响应,
2026-06-06 13:31:11,295821,780元票,780,售罄,无响应,
2026-06-06 13:31:11,295821,580元票,580,售罄,无响应,
2026-06-06 13:31:11,295821,480元票,480,售罄,无响应,
2026-06-06 13:31:11,295821,380元票,380,售罄,无响应,
2026-06-06 13:31:11,295821,280元票,280,售罄,无响应,
2026-06-06 13:31:16,295821,880元票,880,售罄,无响应,
2026-06-06 13:31:16,295821,780元票,780,售罄,无响应,
2026-06-06 13:31:16,295821,580元票,580,售罄,无响应,
2026-06-06 13:31:16,295821,480元票,480,售罄,无响应,
2026-06-06 13:31:16,295821,380元票,380,售罄,无响应,
2026-06-06 13:31:16,295821,280元票,280,售罄,无响应,
2026-06-06 13:31:20,295821,880元票,880,售罄,无响应,
2026-06-06 13:31:20,295821,780元票,780,售罄,无响应,
2026-06-06 13:31:20,295821,580元票,580,售罄,无响应,
2026-06-06 13:31:20,295821,480元票,480,售罄,无响应,
2026-06-06 13:31:20,295821,380元票,380,售罄,无响应,
2026-06-06 13:31:20,295821,280元票,280,售罄,无响应,
2026-06-06 13:31:24,295821,880元票,880,售罄,无响应,
2026-06-06 13:31:24,295821,780元票,780,售罄,无响应,
2026-06-06 13:31:24,295821,580元票,580,售罄,无响应,
2026-06-06 13:31:24,295821,480元票,480,售罄,无响应,
2026-06-06 13:31:24,295821,380元票,380,售罄,无响应,
2026-06-06 13:31:24,295821,280元票,280,售罄,无响应,
2026-06-06 13:31:29,295821,880元票,880,售罄,无响应,
2026-06-06 13:31:29,295821,780元票,780,售罄,无响应,
2026-06-06 13:31:29,295821,580元票,580,售罄,无响应,
2026-06-06 13:31:29,295821,480元票,480,售罄,无响应,
2026-06-06 13:31:29,295821,380元票,380,售罄,无响应,
2026-06-06 13:31:29,295821,280元票,280,售罄,无响应,
2026-06-06 13:31:33,295821,880元票,880,售罄,无响应,
2026-06-06 13:31:33,295821,780元票,780,售罄,无响应,
2026-06-06 13:31:33,295821,580元票,580,售罄,无响应,
2026-06-06 13:31:33,295821,480元票,480,售罄,无响应,
2026-06-06 13:31:33,295821,380元票,380,售罄,无响应,
2026-06-06 13:31:33,295821,280元票,280,售罄,无响应,
2026-06-06 13:31:38,295821,880元票,880,售罄,无响应,
2026-06-06 13:31:38,295821,780元票,780,售罄,无响应,
2026-06-06 13:31:38,295821,580元票,580,售罄,无响应,
2026-06-06 13:31:38,295821,480元票,480,售罄,无响应,
2026-06-06 13:31:38,295821,380元票,380,售罄,无响应,
2026-06-06 13:31:38,295821,280元票,280,售罄,无响应,
2026-06-06 13:31:42,295821,880元票,880,售罄,无响应,
2026-06-06 13:31:42,295821,780元票,780,售罄,无响应,
2026-06-06 13:31:42,295821,580元票,580,售罄,无响应,
2026-06-06 13:31:42,295821,480元票,480,售罄,无响应,
2026-06-06 13:31:42,295821,380元票,380,售罄,无响应,
2026-06-06 13:31:42,295821,280元票,280,售罄,无响应,
2026-06-06 13:31:46,295821,880元票,880,售罄,无响应,
2026-06-06 13:31:46,295821,780元票,780,售罄,无响应,
2026-06-06 13:31:46,295821,580元票,580,售罄,无响应,
2026-06-06 13:31:46,295821,480元票,480,售罄,无响应,
2026-06-06 13:31:46,295821,380元票,380,售罄,无响应,
2026-06-06 13:31:46,295821,280元票,280,售罄,无响应,
2026-06-06 13:31:51,295821,880元票,880,售罄,无响应,
2026-06-06 13:31:51,295821,780元票,780,售罄,无响应,
2026-06-06 13:31:51,295821,580元票,580,售罄,无响应,
2026-06-06 13:31:51,295821,480元票,480,售罄,无响应,
2026-06-06 13:31:51,295821,380元票,380,售罄,无响应,
2026-06-06 13:31:51,295821,280元票,280,售罄,无响应,
2026-06-06 13:31:55,295821,880元票,880,售罄,无响应,
2026-06-06 13:31:55,295821,780元票,780,售罄,无响应,
2026-06-06 13:31:55,295821,580元票,580,售罄,无响应,
2026-06-06 13:31:55,295821,480元票,480,售罄,无响应,
2026-06-06 13:31:55,295821,380元票,380,售罄,无响应,
2026-06-06 13:31:55,295821,280元票,280,售罄,无响应,
2026-06-06 13:32:00,295821,880元票,880,售罄,无响应,
2026-06-06 13:32:00,295821,780元票,780,售罄,无响应,
2026-06-06 13:32:00,295821,580元票,580,售罄,无响应,
2026-06-06 13:32:00,295821,480元票,480,售罄,无响应,
2026-06-06 13:32:00,295821,380元票,380,售罄,无响应,
2026-06-06 13:32:00,295821,280元票,280,售罄,无响应,
2026-06-06 13:32:04,295821,880元票,880,售罄,无响应,
2026-06-06 13:32:04,295821,780元票,780,售罄,无响应,
2026-06-06 13:32:04,295821,580元票,580,售罄,无响应,
2026-06-06 13:32:04,295821,480元票,480,售罄,无响应,
2026-06-06 13:32:04,295821,380元票,380,售罄,无响应,
2026-06-06 13:32:04,295821,280元票,280,售罄,无响应,
2026-06-06 13:32:09,295821,880元票,880,售罄,无响应,
2026-06-06 13:32:09,295821,780元票,780,售罄,无响应,
2026-06-06 13:32:09,295821,580元票,580,售罄,无响应,
2026-06-06 13:32:09,295821,480元票,480,售罄,无响应,
2026-06-06 13:32:09,295821,380元票,380,售罄,无响应,
2026-06-06 13:32:09,295821,280元票,280,售罄,无响应,
2026-06-06 13:32:13,295821,880元票,880,售罄,无响应,
2026-06-06 13:32:13,295821,780元票,780,售罄,无响应,
2026-06-06 13:32:13,295821,580元票,580,售罄,无响应,
2026-06-06 13:32:13,295821,480元票,480,售罄,无响应,
2026-06-06 13:32:13,295821,380元票,380,售罄,无响应,
2026-06-06 13:32:13,295821,280元票,280,售罄,无响应,
2026-06-06 13:32:17,295821,880元票,880,售罄,无响应,
2026-06-06 13:32:17,295821,780元票,780,售罄,无响应,
2026-06-06 13:32:17,295821,580元票,580,售罄,无响应,
2026-06-06 13:32:17,295821,480元票,480,售罄,无响应,
2026-06-06 13:32:17,295821,380元票,380,售罄,无响应,
2026-06-06 13:32:17,295821,280元票,280,售罄,无响应,
2026-06-06 13:32:22,295821,880元票,880,售罄,无响应,
2026-06-06 13:32:22,295821,780元票,780,售罄,无响应,
2026-06-06 13:32:22,295821,580元票,580,售罄,无响应,
2026-06-06 13:32:22,295821,480元票,480,售罄,无响应,
2026-06-06 13:32:22,295821,380元票,380,售罄,无响应,
2026-06-06 13:32:22,295821,280元票,280,售罄,无响应,
2026-06-06 13:32:26,295821,880元票,880,售罄,无响应,
2026-06-06 13:32:26,295821,780元票,780,售罄,无响应,
2026-06-06 13:32:26,295821,580元票,580,售罄,无响应,
2026-06-06 13:32:26,295821,480元票,480,售罄,无响应,
2026-06-06 13:32:26,295821,380元票,380,售罄,无响应,
2026-06-06 13:32:26,295821,280元票,280,售罄,无响应,
2026-06-06 13:32:31,295821,880元票,880,售罄,无响应,
2026-06-06 13:32:31,295821,780元票,780,售罄,无响应,
2026-06-06 13:32:31,295821,580元票,580,售罄,无响应,
2026-06-06 13:32:31,295821,480元票,480,售罄,无响应,
2026-06-06 13:32:31,295821,380元票,380,售罄,无响应,
2026-06-06 13:32:31,295821,280元票,280,售罄,无响应,
2026-06-06 13:32:35,295821,880元票,880,售罄,无响应,
2026-06-06 13:32:35,295821,780元票,780,售罄,无响应,
2026-06-06 13:32:35,295821,580元票,580,售罄,无响应,
2026-06-06 13:32:35,295821,480元票,480,售罄,无响应,
2026-06-06 13:32:35,295821,380元票,380,售罄,无响应,
2026-06-06 13:32:35,295821,280元票,280,售罄,无响应,
2026-06-06 13:32:39,295821,880元票,880,售罄,无响应,
2026-06-06 13:32:39,295821,780元票,780,售罄,无响应,
2026-06-06 13:32:39,295821,580元票,580,售罄,无响应,
2026-06-06 13:32:39,295821,480元票,480,售罄,无响应,
2026-06-06 13:32:39,295821,380元票,380,售罄,无响应,
2026-06-06 13:32:39,295821,280元票,280,售罄,无响应,
2026-06-06 13:32:44,295821,880元票,880,售罄,无响应,
2026-06-06 13:32:44,295821,780元票,780,售罄,无响应,
2026-06-06 13:32:44,295821,580元票,580,售罄,无响应,
2026-06-06 13:32:44,295821,480元票,480,售罄,无响应,
2026-06-06 13:32:44,295821,380元票,380,售罄,无响应,
2026-06-06 13:32:44,295821,280元票,280,售罄,无响应,
2026-06-06 13:32:48,295821,880元票,880,售罄,无响应,
2026-06-06 13:32:48,295821,780元票,780,售罄,无响应,
2026-06-06 13:32:48,295821,580元票,580,售罄,无响应,
2026-06-06 13:32:48,295821,480元票,480,售罄,无响应,
2026-06-06 13:32:48,295821,380元票,380,售罄,无响应,
2026-06-06 13:32:48,295821,280元票,280,售罄,无响应,
2026-06-06 13:32:52,295821,880元票,880,售罄,无响应,
2026-06-06 13:32:52,295821,780元票,780,售罄,无响应,
2026-06-06 13:32:52,295821,580元票,580,售罄,无响应,
2026-06-06 13:32:52,295821,480元票,480,售罄,无响应,
2026-06-06 13:32:52,295821,380元票,380,售罄,无响应,
2026-06-06 13:32:52,295821,280元票,280,售罄,无响应,
2026-06-06 13:32:57,295821,880元票,880,售罄,无响应,
2026-06-06 13:32:57,295821,780元票,780,售罄,无响应,
2026-06-06 13:32:57,295821,580元票,580,售罄,无响应,
2026-06-06 13:32:57,295821,480元票,480,售罄,无响应,
2026-06-06 13:32:57,295821,380元票,380,售罄,无响应,
2026-06-06 13:32:57,295821,280元票,280,售罄,无响应,
2026-06-06 13:33:01,295821,880元票,880,售罄,无响应,
2026-06-06 13:33:01,295821,780元票,780,售罄,无响应,
2026-06-06 13:33:01,295821,580元票,580,售罄,无响应,
2026-06-06 13:33:01,295821,480元票,480,售罄,无响应,
2026-06-06 13:33:01,295821,380元票,380,售罄,无响应,
2026-06-06 13:33:01,295821,280元票,280,售罄,无响应,
2026-06-06 13:33:06,295821,880元票,880,售罄,无响应,
2026-06-06 13:33:06,295821,780元票,780,售罄,无响应,
2026-06-06 13:33:06,295821,580元票,580,售罄,无响应,
2026-06-06 13:33:06,295821,480元票,480,售罄,无响应,
2026-06-06 13:33:06,295821,380元票,380,售罄,无响应,
2026-06-06 13:33:06,295821,280元票,280,售罄,无响应,
2026-06-06 13:33:10,295821,880元票,880,售罄,无响应,
2026-06-06 13:33:10,295821,780元票,780,售罄,无响应,
2026-06-06 13:33:10,295821,580元票,580,售罄,无响应,
2026-06-06 13:33:10,295821,480元票,480,售罄,无响应,
2026-06-06 13:33:10,295821,380元票,380,售罄,无响应,
2026-06-06 13:33:10,295821,280元票,280,售罄,无响应,
2026-06-06 13:33:14,295821,880元票,880,售罄,无响应,
2026-06-06 13:33:14,295821,780元票,780,售罄,无响应,
2026-06-06 13:33:14,295821,580元票,580,售罄,无响应,
2026-06-06 13:33:14,295821,480元票,480,售罄,无响应,
2026-06-06 13:33:14,295821,380元票,380,售罄,无响应,
2026-06-06 13:33:14,295821,280元票,280,售罄,无响应,
2026-06-06 13:33:19,295821,880元票,880,售罄,无响应,
2026-06-06 13:33:19,295821,780元票,780,售罄,无响应,
2026-06-06 13:33:19,295821,580元票,580,售罄,无响应,
2026-06-06 13:33:19,295821,480元票,480,售罄,无响应,
2026-06-06 13:33:19,295821,380元票,380,售罄,无响应,
2026-06-06 13:33:19,295821,280元票,280,售罄,无响应,
2026-06-06 13:33:23,295821,880元票,880,售罄,无响应,
2026-06-06 13:33:23,295821,780元票,780,售罄,无响应,
2026-06-06 13:33:23,295821,580元票,580,售罄,无响应,
2026-06-06 13:33:23,295821,480元票,480,售罄,无响应,
2026-06-06 13:33:23,295821,380元票,380,售罄,无响应,
2026-06-06 13:33:23,295821,280元票,280,售罄,无响应,
2026-06-06 13:33:28,295821,880元票,880,售罄,无响应,
2026-06-06 13:33:28,295821,780元票,780,售罄,无响应,
2026-06-06 13:33:28,295821,580元票,580,售罄,无响应,
2026-06-06 13:33:28,295821,480元票,480,售罄,无响应,
2026-06-06 13:33:28,295821,380元票,380,售罄,无响应,
2026-06-06 13:33:28,295821,280元票,280,售罄,无响应,
2026-06-06 13:33:32,295821,880元票,880,售罄,无响应,
2026-06-06 13:33:32,295821,780元票,780,售罄,无响应,
2026-06-06 13:33:32,295821,580元票,580,售罄,无响应,
2026-06-06 13:33:32,295821,480元票,480,售罄,无响应,
2026-06-06 13:33:32,295821,380元票,380,售罄,无响应,
2026-06-06 13:33:32,295821,280元票,280,售罄,无响应,
2026-06-06 13:33:36,295821,880元票,880,售罄,无响应,
2026-06-06 13:33:36,295821,780元票,780,售罄,无响应,
2026-06-06 13:33:36,295821,580元票,580,售罄,无响应,
2026-06-06 13:33:36,295821,480元票,480,售罄,无响应,
2026-06-06 13:33:36,295821,380元票,380,售罄,无响应,
2026-06-06 13:33:36,295821,280元票,280,售罄,无响应,
2026-06-06 13:33:41,295821,880元票,880,售罄,无响应,
2026-06-06 13:33:41,295821,780元票,780,售罄,无响应,
2026-06-06 13:33:41,295821,580元票,580,售罄,无响应,
2026-06-06 13:33:41,295821,480元票,480,售罄,无响应,
2026-06-06 13:33:41,295821,380元票,380,售罄,无响应,
2026-06-06 13:33:41,295821,280元票,280,售罄,无响应,
2026-06-06 13:33:45,295821,880元票,880,售罄,无响应,
2026-06-06 13:33:45,295821,780元票,780,售罄,无响应,
2026-06-06 13:33:45,295821,580元票,580,售罄,无响应,
2026-06-06 13:33:45,295821,480元票,480,售罄,无响应,
2026-06-06 13:33:45,295821,380元票,380,售罄,无响应,
2026-06-06 13:33:45,295821,280元票,280,售罄,无响应,
2026-06-06 13:33:50,295821,880元票,880,售罄,无响应,
2026-06-06 13:33:50,295821,780元票,780,售罄,无响应,
2026-06-06 13:33:50,295821,580元票,580,售罄,无响应,
2026-06-06 13:33:50,295821,480元票,480,售罄,无响应,
2026-06-06 13:33:50,295821,380元票,380,售罄,无响应,
2026-06-06 13:33:50,295821,280元票,280,售罄,无响应,
2026-06-06 13:33:54,295821,880元票,880,售罄,无响应,
2026-06-06 13:33:54,295821,780元票,780,售罄,无响应,
2026-06-06 13:33:54,295821,580元票,580,售罄,无响应,
2026-06-06 13:33:54,295821,480元票,480,售罄,无响应,
2026-06-06 13:33:54,295821,380元票,380,售罄,无响应,
2026-06-06 13:33:54,295821,280元票,280,售罄,无响应,
2026-06-06 13:33:58,295821,880元票,880,售罄,无响应,
2026-06-06 13:33:58,295821,780元票,780,售罄,无响应,
2026-06-06 13:33:58,295821,580元票,580,售罄,无响应,
2026-06-06 13:33:58,295821,480元票,480,售罄,无响应,
2026-06-06 13:33:58,295821,380元票,380,售罄,无响应,
2026-06-06 13:33:58,295821,280元票,280,售罄,无响应,
2026-06-06 13:34:03,295821,880元票,880,售罄,无响应,
2026-06-06 13:34:03,295821,780元票,780,售罄,无响应,
2026-06-06 13:34:03,295821,580元票,580,售罄,无响应,
2026-06-06 13:34:03,295821,480元票,480,售罄,无响应,
2026-06-06 13:34:03,295821,380元票,380,售罄,无响应,
2026-06-06 13:34:03,295821,280元票,280,售罄,无响应,
2026-06-06 13:34:07,295821,880元票,880,售罄,无响应,
2026-06-06 13:34:07,295821,780元票,780,售罄,无响应,
2026-06-06 13:34:07,295821,580元票,580,售罄,无响应,
2026-06-06 13:34:07,295821,480元票,480,售罄,无响应,
2026-06-06 13:34:07,295821,380元票,380,售罄,无响应,
2026-06-06 13:34:07,295821,280元票,280,售罄,无响应,
2026-06-06 13:34:12,295821,880元票,880,售罄,无响应,
2026-06-06 13:34:12,295821,780元票,780,售罄,无响应,
2026-06-06 13:34:12,295821,580元票,580,售罄,无响应,
2026-06-06 13:34:12,295821,480元票,480,售罄,无响应,
2026-06-06 13:34:12,295821,380元票,380,售罄,无响应,
2026-06-06 13:34:12,295821,280元票,280,售罄,无响应,
2026-06-06 13:34:16,295821,880元票,880,售罄,无响应,
2026-06-06 13:34:16,295821,780元票,780,售罄,无响应,
2026-06-06 13:34:16,295821,580元票,580,售罄,无响应,
2026-06-06 13:34:16,295821,480元票,480,售罄,无响应,
2026-06-06 13:34:16,295821,380元票,380,售罄,无响应,
2026-06-06 13:34:16,295821,280元票,280,售罄,无响应,
2026-06-06 13:34:20,295821,880元票,880,售罄,无响应,
2026-06-06 13:34:20,295821,780元票,780,售罄,无响应,
2026-06-06 13:34:20,295821,580元票,580,售罄,无响应,
2026-06-06 13:34:20,295821,480元票,480,售罄,无响应,
2026-06-06 13:34:20,295821,380元票,380,售罄,无响应,
2026-06-06 13:34:20,295821,280元票,280,售罄,无响应,
2026-06-06 13:34:25,295821,880元票,880,售罄,无响应,
2026-06-06 13:34:25,295821,780元票,780,售罄,无响应,
2026-06-06 13:34:25,295821,580元票,580,售罄,无响应,
2026-06-06 13:34:25,295821,480元票,480,售罄,无响应,
2026-06-06 13:34:25,295821,380元票,380,售罄,无响应,
2026-06-06 13:34:25,295821,280元票,280,售罄,无响应,
2026-06-06 13:34:29,295821,880元票,880,售罄,无响应,
2026-06-06 13:34:29,295821,780元票,780,售罄,无响应,
2026-06-06 13:34:29,295821,580元票,580,售罄,无响应,
2026-06-06 13:34:29,295821,480元票,480,售罄,无响应,
2026-06-06 13:34:29,295821,380元票,380,售罄,无响应,
2026-06-06 13:34:29,295821,280元票,280,售罄,无响应,
2026-06-06 13:34:34,295821,880元票,880,售罄,无响应,
2026-06-06 13:34:34,295821,780元票,780,售罄,无响应,
2026-06-06 13:34:34,295821,580元票,580,售罄,无响应,
2026-06-06 13:34:34,295821,480元票,480,售罄,无响应,
2026-06-06 13:34:34,295821,380元票,380,售罄,无响应,
2026-06-06 13:34:34,295821,280元票,280,售罄,无响应,
2026-06-06 13:34:40,295821,880元票,880,售罄,无响应,
2026-06-06 13:34:40,295821,780元票,780,售罄,无响应,
2026-06-06 13:34:40,295821,580元票,580,售罄,无响应,
2026-06-06 13:34:40,295821,480元票,480,售罄,无响应,
2026-06-06 13:34:40,295821,380元票,380,售罄,无响应,
2026-06-06 13:34:40,295821,280元票,280,售罄,无响应,
2026-06-06 13:34:45,295821,880元票,880,售罄,无响应,
2026-06-06 13:34:45,295821,780元票,780,售罄,无响应,
2026-06-06 13:34:45,295821,580元票,580,售罄,无响应,
2026-06-06 13:34:45,295821,480元票,480,售罄,无响应,
2026-06-06 13:34:45,295821,380元票,380,售罄,无响应,
2026-06-06 13:34:45,295821,280元票,280,售罄,无响应,
2026-06-06 13:34:49,295821,880元票,880,售罄,无响应,
2026-06-06 13:34:49,295821,780元票,780,售罄,无响应,
2026-06-06 13:34:49,295821,580元票,580,售罄,无响应,
2026-06-06 13:34:49,295821,480元票,480,售罄,无响应,
2026-06-06 13:34:49,295821,380元票,380,售罄,无响应,
2026-06-06 13:34:49,295821,280元票,280,售罄,无响应,
2026-06-06 13:34:53,295821,880元票,880,售罄,无响应,
2026-06-06 13:34:53,295821,780元票,780,售罄,无响应,
2026-06-06 13:34:53,295821,580元票,580,售罄,无响应,
2026-06-06 13:34:53,295821,480元票,480,售罄,无响应,
2026-06-06 13:34:53,295821,380元票,380,售罄,无响应,
2026-06-06 13:34:53,295821,280元票,280,售罄,无响应,
2026-06-06 13:34:58,295821,880元票,880,售罄,无响应,
2026-06-06 13:34:58,295821,780元票,780,售罄,无响应,
2026-06-06 13:34:58,295821,580元票,580,售罄,无响应,
2026-06-06 13:34:58,295821,480元票,480,售罄,无响应,
2026-06-06 13:34:58,295821,380元票,380,售罄,无响应,
2026-06-06 13:34:58,295821,280元票,280,售罄,无响应,
2026-06-06 13:35:02,295821,880元票,880,售罄,无响应,
2026-06-06 13:35:02,295821,780元票,780,售罄,无响应,
2026-06-06 13:35:02,295821,580元票,580,售罄,无响应,
2026-06-06 13:35:02,295821,480元票,480,售罄,无响应,
2026-06-06 13:35:02,295821,380元票,380,售罄,无响应,
2026-06-06 13:35:02,295821,280元票,280,售罄,无响应,
2026-06-06 13:35:07,295821,880元票,880,售罄,无响应,
2026-06-06 13:35:07,295821,780元票,780,售罄,无响应,
2026-06-06 13:35:07,295821,580元票,580,售罄,无响应,
2026-06-06 13:35:07,295821,480元票,480,售罄,无响应,
2026-06-06 13:35:07,295821,380元票,380,售罄,无响应,
2026-06-06 13:35:07,295821,280元票,280,售罄,无响应,
2026-06-06 13:35:11,295821,880元票,880,售罄,无响应,
2026-06-06 13:35:11,295821,780元票,780,售罄,无响应,
2026-06-06 13:35:11,295821,580元票,580,售罄,无响应,
2026-06-06 13:35:11,295821,480元票,480,售罄,无响应,
2026-06-06 13:35:11,295821,380元票,380,售罄,无响应,
2026-06-06 13:35:11,295821,280元票,280,售罄,无响应,
2026-06-06 13:35:15,295821,880元票,880,售罄,无响应,
2026-06-06 13:35:15,295821,780元票,780,售罄,无响应,
2026-06-06 13:35:15,295821,580元票,580,售罄,无响应,
2026-06-06 13:35:15,295821,480元票,480,售罄,无响应,
2026-06-06 13:35:15,295821,380元票,380,售罄,无响应,
2026-06-06 13:35:15,295821,280元票,280,售罄,无响应,
2026-06-06 13:35:20,295821,880元票,880,售罄,无响应,
2026-06-06 13:35:20,295821,780元票,780,售罄,无响应,
2026-06-06 13:35:20,295821,580元票,580,售罄,无响应,
2026-06-06 13:35:20,295821,480元票,480,售罄,无响应,
2026-06-06 13:35:20,295821,380元票,380,售罄,无响应,
2026-06-06 13:35:20,295821,280元票,280,售罄,无响应,
2026-06-06 13:35:24,295821,880元票,880,售罄,无响应,
2026-06-06 13:35:24,295821,780元票,780,售罄,无响应,
2026-06-06 13:35:24,295821,580元票,580,售罄,无响应,
2026-06-06 13:35:24,295821,480元票,480,售罄,无响应,
2026-06-06 13:35:24,295821,380元票,380,售罄,无响应,
2026-06-06 13:35:24,295821,280元票,280,售罄,无响应,
2026-06-06 13:35:28,295821,880元票,880,售罄,无响应,
2026-06-06 13:35:28,295821,780元票,780,售罄,无响应,
2026-06-06 13:35:28,295821,580元票,580,售罄,无响应,
2026-06-06 13:35:28,295821,480元票,480,售罄,无响应,
2026-06-06 13:35:28,295821,380元票,380,售罄,无响应,
2026-06-06 13:35:28,295821,280元票,280,售罄,无响应,
2026-06-06 13:35:33,295821,880元票,880,售罄,无响应,
2026-06-06 13:35:33,295821,780元票,780,售罄,无响应,
2026-06-06 13:35:33,295821,580元票,580,售罄,无响应,
2026-06-06 13:35:33,295821,480元票,480,售罄,无响应,
2026-06-06 13:35:33,295821,380元票,380,售罄,无响应,
2026-06-06 13:35:33,295821,280元票,280,售罄,无响应,
2026-06-06 13:35:37,295821,880元票,880,售罄,无响应,
2026-06-06 13:35:37,295821,780元票,780,售罄,无响应,
2026-06-06 13:35:37,295821,580元票,580,售罄,无响应,
2026-06-06 13:35:37,295821,480元票,480,售罄,无响应,
2026-06-06 13:35:37,295821,380元票,380,售罄,无响应,
2026-06-06 13:35:37,295821,280元票,280,售罄,无响应,
2026-06-06 13:35:42,295821,880元票,880,售罄,无响应,
2026-06-06 13:35:42,295821,780元票,780,售罄,无响应,
2026-06-06 13:35:42,295821,580元票,580,售罄,无响应,
2026-06-06 13:35:42,295821,480元票,480,售罄,无响应,
2026-06-06 13:35:42,295821,380元票,380,售罄,无响应,
2026-06-06 13:35:42,295821,280元票,280,售罄,无响应,
2026-06-06 13:35:46,295821,880元票,880,售罄,无响应,
2026-06-06 13:35:46,295821,780元票,780,售罄,无响应,
2026-06-06 13:35:46,295821,580元票,580,售罄,无响应,
2026-06-06 13:35:46,295821,480元票,480,售罄,无响应,
2026-06-06 13:35:46,295821,380元票,380,售罄,无响应,
2026-06-06 13:35:46,295821,280元票,280,售罄,无响应,
2026-06-06 13:35:50,295821,880元票,880,售罄,无响应,
2026-06-06 13:35:50,295821,780元票,780,售罄,无响应,
2026-06-06 13:35:50,295821,580元票,580,售罄,无响应,
2026-06-06 13:35:50,295821,480元票,480,售罄,无响应,
2026-06-06 13:35:50,295821,380元票,380,售罄,无响应,
2026-06-06 13:35:50,295821,280元票,280,售罄,无响应,
2026-06-06 13:35:55,295821,880元票,880,售罄,无响应,
2026-06-06 13:35:55,295821,780元票,780,售罄,无响应,
2026-06-06 13:35:55,295821,580元票,580,售罄,无响应,
2026-06-06 13:35:55,295821,480元票,480,售罄,无响应,
2026-06-06 13:35:55,295821,380元票,380,售罄,无响应,
2026-06-06 13:35:55,295821,280元票,280,售罄,无响应,
2026-06-06 13:35:59,295821,880元票,880,售罄,无响应,
2026-06-06 13:35:59,295821,780元票,780,售罄,无响应,
2026-06-06 13:35:59,295821,580元票,580,售罄,无响应,
2026-06-06 13:35:59,295821,480元票,480,售罄,无响应,
2026-06-06 13:35:59,295821,380元票,380,售罄,无响应,
2026-06-06 13:35:59,295821,280元票,280,售罄,无响应,
2026-06-06 13:36:03,295821,880元票,880,售罄,无响应,
2026-06-06 13:36:03,295821,780元票,780,售罄,无响应,
2026-06-06 13:36:03,295821,580元票,580,售罄,无响应,
2026-06-06 13:36:03,295821,480元票,480,售罄,无响应,
2026-06-06 13:36:03,295821,380元票,380,售罄,无响应,
2026-06-06 13:36:03,295821,280元票,280,售罄,无响应,
2026-06-06 13:36:08,295821,880元票,880,售罄,无响应,
2026-06-06 13:36:08,295821,780元票,780,售罄,无响应,
2026-06-06 13:36:08,295821,580元票,580,售罄,无响应,
2026-06-06 13:36:08,295821,480元票,480,售罄,无响应,
2026-06-06 13:36:08,295821,380元票,380,售罄,无响应,
2026-06-06 13:36:08,295821,280元票,280,售罄,无响应,
2026-06-06 13:36:12,295821,880元票,880,售罄,无响应,
2026-06-06 13:36:12,295821,780元票,780,售罄,无响应,
2026-06-06 13:36:12,295821,580元票,580,售罄,无响应,
2026-06-06 13:36:12,295821,480元票,480,售罄,无响应,
2026-06-06 13:36:12,295821,380元票,380,售罄,无响应,
2026-06-06 13:36:12,295821,280元票,280,售罄,无响应,
2026-06-06 13:36:17,295821,880元票,880,售罄,无响应,
2026-06-06 13:36:17,295821,780元票,780,售罄,无响应,
2026-06-06 13:36:17,295821,580元票,580,售罄,无响应,
2026-06-06 13:36:17,295821,480元票,480,售罄,无响应,
2026-06-06 13:36:17,295821,380元票,380,售罄,无响应,
2026-06-06 13:36:17,295821,280元票,280,售罄,无响应,
2026-06-06 13:36:21,295821,880元票,880,售罄,无响应,
2026-06-06 13:36:21,295821,780元票,780,售罄,无响应,
2026-06-06 13:36:21,295821,580元票,580,售罄,无响应,
2026-06-06 13:36:21,295821,480元票,480,售罄,无响应,
2026-06-06 13:36:21,295821,380元票,380,售罄,无响应,
2026-06-06 13:36:21,295821,280元票,280,售罄,无响应,
2026-06-06 13:36:25,295821,880元票,880,售罄,无响应,
2026-06-06 13:36:25,295821,780元票,780,售罄,无响应,
2026-06-06 13:36:25,295821,580元票,580,售罄,无响应,
2026-06-06 13:36:25,295821,480元票,480,售罄,无响应,
2026-06-06 13:36:25,295821,380元票,380,售罄,无响应,
2026-06-06 13:36:25,295821,280元票,280,售罄,无响应,
2026-06-06 13:36:30,295821,880元票,880,售罄,无响应,
2026-06-06 13:36:30,295821,780元票,780,售罄,无响应,
2026-06-06 13:36:30,295821,580元票,580,售罄,无响应,
2026-06-06 13:36:30,295821,480元票,480,售罄,无响应,
2026-06-06 13:36:30,295821,380元票,380,售罄,无响应,
2026-06-06 13:36:30,295821,280元票,280,售罄,无响应,
2026-06-06 13:36:34,295821,880元票,880,售罄,无响应,
2026-06-06 13:36:34,295821,780元票,780,售罄,无响应,
2026-06-06 13:36:34,295821,580元票,580,售罄,无响应,
2026-06-06 13:36:34,295821,480元票,480,售罄,无响应,
2026-06-06 13:36:34,295821,380元票,380,售罄,无响应,
2026-06-06 13:36:34,295821,280元票,280,售罄,无响应,
2026-06-06 13:36:38,295821,880元票,880,售罄,无响应,
2026-06-06 13:36:38,295821,780元票,780,售罄,无响应,
2026-06-06 13:36:38,295821,580元票,580,售罄,无响应,
2026-06-06 13:36:38,295821,480元票,480,售罄,无响应,
2026-06-06 13:36:38,295821,380元票,380,售罄,无响应,
2026-06-06 13:36:38,295821,280元票,280,售罄,无响应,
2026-06-06 13:36:43,295821,880元票,880,售罄,无响应,
2026-06-06 13:36:43,295821,780元票,780,售罄,无响应,
2026-06-06 13:36:43,295821,580元票,580,售罄,无响应,
2026-06-06 13:36:43,295821,480元票,480,售罄,无响应,
2026-06-06 13:36:43,295821,380元票,380,售罄,无响应,
2026-06-06 13:36:43,295821,280元票,280,售罄,无响应,
2026-06-06 13:36:47,295821,880元票,880,售罄,无响应,
2026-06-06 13:36:47,295821,780元票,780,售罄,无响应,
2026-06-06 13:36:47,295821,580元票,580,售罄,无响应,
2026-06-06 13:36:47,295821,480元票,480,售罄,无响应,
2026-06-06 13:36:47,295821,380元票,380,售罄,无响应,
2026-06-06 13:36:47,295821,280元票,280,售罄,无响应,
2026-06-06 13:36:52,295821,880元票,880,售罄,无响应,
2026-06-06 13:36:52,295821,780元票,780,售罄,无响应,
2026-06-06 13:36:52,295821,580元票,580,售罄,无响应,
2026-06-06 13:36:52,295821,480元票,480,售罄,无响应,
2026-06-06 13:36:52,295821,380元票,380,售罄,无响应,
2026-06-06 13:36:52,295821,280元票,280,售罄,无响应,
2026-06-06 13:36:56,295821,880元票,880,售罄,无响应,
2026-06-06 13:36:56,295821,780元票,780,售罄,无响应,
2026-06-06 13:36:56,295821,580元票,580,售罄,无响应,
2026-06-06 13:36:56,295821,480元票,480,售罄,无响应,
2026-06-06 13:36:56,295821,380元票,380,售罄,无响应,
2026-06-06 13:36:56,295821,280元票,280,售罄,无响应,
2026-06-06 13:37:00,295821,880元票,880,售罄,无响应,
2026-06-06 13:37:00,295821,780元票,780,售罄,无响应,
2026-06-06 13:37:00,295821,580元票,580,售罄,无响应,
2026-06-06 13:37:00,295821,480元票,480,售罄,无响应,
2026-06-06 13:37:00,295821,380元票,380,售罄,无响应,
2026-06-06 13:37:00,295821,280元票,280,售罄,无响应,
2026-06-06 13:37:05,295821,880元票,880,售罄,无响应,
2026-06-06 13:37:05,295821,780元票,780,售罄,无响应,
2026-06-06 13:37:05,295821,580元票,580,售罄,无响应,
2026-06-06 13:37:05,295821,480元票,480,售罄,无响应,
2026-06-06 13:37:05,295821,380元票,380,售罄,无响应,
2026-06-06 13:37:05,295821,280元票,280,售罄,无响应,
2026-06-06 13:37:09,295821,880元票,880,售罄,无响应,
2026-06-06 13:37:09,295821,780元票,780,售罄,无响应,
2026-06-06 13:37:09,295821,580元票,580,售罄,无响应,
2026-06-06 13:37:09,295821,480元票,480,售罄,无响应,
2026-06-06 13:37:09,295821,380元票,380,售罄,无响应,
2026-06-06 13:37:09,295821,280元票,280,售罄,无响应,
2026-06-06 13:37:13,295821,880元票,880,售罄,无响应,
2026-06-06 13:37:13,295821,780元票,780,售罄,无响应,
2026-06-06 13:37:13,295821,580元票,580,售罄,无响应,
2026-06-06 13:37:13,295821,480元票,480,售罄,无响应,
2026-06-06 13:37:13,295821,380元票,380,售罄,无响应,
2026-06-06 13:37:13,295821,280元票,280,售罄,无响应,
2026-06-06 13:37:18,295821,880元票,880,售罄,无响应,
2026-06-06 13:37:18,295821,780元票,780,售罄,无响应,
2026-06-06 13:37:18,295821,580元票,580,售罄,无响应,
2026-06-06 13:37:18,295821,480元票,480,售罄,无响应,
2026-06-06 13:37:18,295821,380元票,380,售罄,无响应,
2026-06-06 13:37:18,295821,280元票,280,售罄,无响应,
2026-06-06 13:37:22,295821,880元票,880,售罄,无响应,
2026-06-06 13:37:22,295821,780元票,780,售罄,无响应,
2026-06-06 13:37:22,295821,580元票,580,售罄,无响应,
2026-06-06 13:37:22,295821,480元票,480,售罄,无响应,
2026-06-06 13:37:22,295821,380元票,380,售罄,无响应,
2026-06-06 13:37:22,295821,280元票,280,售罄,无响应,
2026-06-06 13:37:26,295821,880元票,880,售罄,无响应,
2026-06-06 13:37:26,295821,780元票,780,售罄,无响应,
2026-06-06 13:37:26,295821,580元票,580,售罄,无响应,
2026-06-06 13:37:26,295821,480元票,480,售罄,无响应,
2026-06-06 13:37:26,295821,380元票,380,售罄,无响应,
2026-06-06 13:37:26,295821,280元票,280,售罄,无响应,
2026-06-06 13:37:31,295821,880元票,880,售罄,无响应,
2026-06-06 13:37:31,295821,780元票,780,售罄,无响应,
2026-06-06 13:37:31,295821,580元票,580,售罄,无响应,
2026-06-06 13:37:31,295821,480元票,480,售罄,无响应,
2026-06-06 13:37:31,295821,380元票,380,售罄,无响应,
2026-06-06 13:37:31,295821,280元票,280,售罄,无响应,
2026-06-06 13:37:35,295821,880元票,880,售罄,无响应,
2026-06-06 13:37:35,295821,780元票,780,售罄,无响应,
2026-06-06 13:37:35,295821,580元票,580,售罄,无响应,
2026-06-06 13:37:35,295821,480元票,480,售罄,无响应,
2026-06-06 13:37:35,295821,380元票,380,售罄,无响应,
2026-06-06 13:37:35,295821,280元票,280,售罄,无响应,
2026-06-06 13:37:40,295821,880元票,880,售罄,无响应,
2026-06-06 13:37:40,295821,780元票,780,售罄,无响应,
2026-06-06 13:37:40,295821,580元票,580,售罄,无响应,
2026-06-06 13:37:40,295821,480元票,480,售罄,无响应,
2026-06-06 13:37:40,295821,380元票,380,售罄,无响应,
2026-06-06 13:37:40,295821,280元票,280,售罄,无响应,
2026-06-06 13:37:44,295821,880元票,880,售罄,无响应,
2026-06-06 13:37:44,295821,780元票,780,售罄,无响应,
2026-06-06 13:37:44,295821,580元票,580,售罄,无响应,
2026-06-06 13:37:44,295821,480元票,480,售罄,无响应,
2026-06-06 13:37:44,295821,380元票,380,售罄,无响应,
2026-06-06 13:37:44,295821,280元票,280,售罄,无响应,
2026-06-06 13:37:48,295821,880元票,880,售罄,无响应,
2026-06-06 13:37:48,295821,780元票,780,售罄,无响应,
2026-06-06 13:37:48,295821,580元票,580,售罄,无响应,
2026-06-06 13:37:48,295821,480元票,480,售罄,无响应,
2026-06-06 13:37:48,295821,380元票,380,售罄,无响应,
2026-06-06 13:37:48,295821,280元票,280,售罄,无响应,
2026-06-06 13:37:53,295821,880元票,880,售罄,无响应,
2026-06-06 13:37:53,295821,780元票,780,售罄,无响应,
2026-06-06 13:37:53,295821,580元票,580,售罄,无响应,
2026-06-06 13:37:53,295821,480元票,480,售罄,无响应,
2026-06-06 13:37:53,295821,380元票,380,售罄,无响应,
2026-06-06 13:37:53,295821,280元票,280,售罄,无响应,
2026-06-06 13:37:57,295821,880元票,880,售罄,无响应,
2026-06-06 13:37:57,295821,780元票,780,售罄,无响应,
2026-06-06 13:37:57,295821,580元票,580,售罄,无响应,
2026-06-06 13:37:57,295821,480元票,480,售罄,无响应,
2026-06-06 13:37:57,295821,380元票,380,售罄,无响应,
2026-06-06 13:37:57,295821,280元票,280,售罄,无响应,
2026-06-06 13:38:01,295821,880元票,880,售罄,无响应,
2026-06-06 13:38:01,295821,780元票,780,售罄,无响应,
2026-06-06 13:38:01,295821,580元票,580,售罄,无响应,
2026-06-06 13:38:01,295821,480元票,480,售罄,无响应,
2026-06-06 13:38:01,295821,380元票,380,售罄,无响应,
2026-06-06 13:38:01,295821,280元票,280,售罄,无响应,
2026-06-06 13:38:06,295821,880元票,880,售罄,无响应,
2026-06-06 13:38:06,295821,780元票,780,售罄,无响应,
2026-06-06 13:38:06,295821,580元票,580,售罄,无响应,
2026-06-06 13:38:06,295821,480元票,480,售罄,无响应,
2026-06-06 13:38:06,295821,380元票,380,售罄,无响应,
2026-06-06 13:38:06,295821,280元票,280,售罄,无响应,
2026-06-06 13:38:10,295821,880元票,880,售罄,无响应,
2026-06-06 13:38:10,295821,780元票,780,售罄,无响应,
2026-06-06 13:38:10,295821,580元票,580,售罄,无响应,
2026-06-06 13:38:10,295821,480元票,480,售罄,无响应,
2026-06-06 13:38:10,295821,380元票,380,售罄,无响应,
2026-06-06 13:38:10,295821,280元票,280,售罄,无响应,
2026-06-06 13:38:15,295821,880元票,880,售罄,无响应,
2026-06-06 13:38:15,295821,780元票,780,售罄,无响应,
2026-06-06 13:38:15,295821,580元票,580,售罄,无响应,
2026-06-06 13:38:15,295821,480元票,480,售罄,无响应,
2026-06-06 13:38:15,295821,380元票,380,售罄,无响应,
2026-06-06 13:38:15,295821,280元票,280,售罄,无响应,
2026-06-06 13:38:19,295821,880元票,880,售罄,无响应,
2026-06-06 13:38:19,295821,780元票,780,售罄,无响应,
2026-06-06 13:38:19,295821,580元票,580,售罄,无响应,
2026-06-06 13:38:19,295821,480元票,480,售罄,无响应,
2026-06-06 13:38:19,295821,380元票,380,售罄,无响应,
2026-06-06 13:38:19,295821,280元票,280,售罄,无响应,
2026-06-06 13:38:23,295821,880元票,880,售罄,无响应,
2026-06-06 13:38:23,295821,780元票,780,售罄,无响应,
2026-06-06 13:38:23,295821,580元票,580,售罄,无响应,
2026-06-06 13:38:23,295821,480元票,480,售罄,无响应,
2026-06-06 13:38:23,295821,380元票,380,售罄,无响应,
2026-06-06 13:38:23,295821,280元票,280,售罄,无响应,
2026-06-06 13:38:28,295821,880元票,880,售罄,无响应,
2026-06-06 13:38:28,295821,780元票,780,售罄,无响应,
2026-06-06 13:38:28,295821,580元票,580,售罄,无响应,
2026-06-06 13:38:28,295821,480元票,480,售罄,无响应,
2026-06-06 13:38:28,295821,380元票,380,售罄,无响应,
2026-06-06 13:38:28,295821,280元票,280,售罄,无响应,
2026-06-06 13:38:32,295821,880元票,880,售罄,无响应,
2026-06-06 13:38:32,295821,780元票,780,售罄,无响应,
2026-06-06 13:38:32,295821,580元票,580,售罄,无响应,
2026-06-06 13:38:32,295821,480元票,480,售罄,无响应,
2026-06-06 13:38:32,295821,380元票,380,售罄,无响应,
2026-06-06 13:38:32,295821,280元票,280,售罄,无响应,
2026-06-06 13:38:37,295821,880元票,880,售罄,无响应,
2026-06-06 13:38:37,295821,780元票,780,售罄,无响应,
2026-06-06 13:38:37,295821,580元票,580,售罄,无响应,
2026-06-06 13:38:37,295821,480元票,480,售罄,无响应,
2026-06-06 13:38:37,295821,380元票,380,售罄,无响应,
2026-06-06 13:38:37,295821,280元票,280,售罄,无响应,
2026-06-06 13:38:41,295821,880元票,880,售罄,无响应,
2026-06-06 13:38:41,295821,780元票,780,售罄,无响应,
2026-06-06 13:38:41,295821,580元票,580,售罄,无响应,
2026-06-06 13:38:41,295821,480元票,480,售罄,无响应,
2026-06-06 13:38:41,295821,380元票,380,售罄,无响应,
2026-06-06 13:38:41,295821,280元票,280,售罄,无响应,
2026-06-06 13:38:45,295821,880元票,880,售罄,无响应,
2026-06-06 13:38:45,295821,780元票,780,售罄,无响应,
2026-06-06 13:38:45,295821,580元票,580,售罄,无响应,
2026-06-06 13:38:45,295821,480元票,480,售罄,无响应,
2026-06-06 13:38:45,295821,380元票,380,售罄,无响应,
2026-06-06 13:38:45,295821,280元票,280,售罄,无响应,
2026-06-06 13:38:50,295821,880元票,880,售罄,无响应,
2026-06-06 13:38:50,295821,780元票,780,售罄,无响应,
2026-06-06 13:38:50,295821,580元票,580,售罄,无响应,
2026-06-06 13:38:50,295821,480元票,480,售罄,无响应,
2026-06-06 13:38:50,295821,380元票,380,售罄,无响应,
2026-06-06 13:38:50,295821,280元票,280,售罄,无响应,
2026-06-06 13:38:54,295821,880元票,880,售罄,无响应,
2026-06-06 13:38:54,295821,780元票,780,售罄,无响应,
2026-06-06 13:38:54,295821,580元票,580,售罄,无响应,
2026-06-06 13:38:54,295821,480元票,480,售罄,无响应,
2026-06-06 13:38:54,295821,380元票,380,售罄,无响应,
2026-06-06 13:38:54,295821,280元票,280,售罄,无响应,
2026-06-06 13:38:59,295821,880元票,880,售罄,无响应,
2026-06-06 13:38:59,295821,780元票,780,售罄,无响应,
2026-06-06 13:38:59,295821,580元票,580,售罄,无响应,
2026-06-06 13:38:59,295821,480元票,480,售罄,无响应,
2026-06-06 13:38:59,295821,380元票,380,售罄,无响应,
2026-06-06 13:38:59,295821,280元票,280,售罄,无响应,
2026-06-06 13:39:03,295821,880元票,880,售罄,无响应,
2026-06-06 13:39:03,295821,780元票,780,售罄,无响应,
2026-06-06 13:39:03,295821,580元票,580,售罄,无响应,
2026-06-06 13:39:03,295821,480元票,480,售罄,无响应,
2026-06-06 13:39:03,295821,380元票,380,售罄,无响应,
2026-06-06 13:39:03,295821,280元票,280,售罄,无响应,
2026-06-06 13:39:07,295821,880元票,880,售罄,无响应,
2026-06-06 13:39:07,295821,780元票,780,售罄,无响应,
2026-06-06 13:39:07,295821,580元票,580,售罄,无响应,
2026-06-06 13:39:07,295821,480元票,480,售罄,无响应,
2026-06-06 13:39:07,295821,380元票,380,售罄,无响应,
2026-06-06 13:39:07,295821,280元票,280,售罄,无响应,
2026-06-06 13:39:12,295821,880元票,880,售罄,无响应,
2026-06-06 13:39:12,295821,780元票,780,售罄,无响应,
2026-06-06 13:39:12,295821,580元票,580,售罄,无响应,
2026-06-06 13:39:12,295821,480元票,480,售罄,无响应,
2026-06-06 13:39:12,295821,380元票,380,售罄,无响应,
2026-06-06 13:39:12,295821,280元票,280,售罄,无响应,
2026-06-06 13:39:16,295821,880元票,880,售罄,无响应,
2026-06-06 13:39:16,295821,780元票,780,售罄,无响应,
2026-06-06 13:39:16,295821,580元票,580,售罄,无响应,
2026-06-06 13:39:16,295821,480元票,480,售罄,无响应,
2026-06-06 13:39:16,295821,380元票,380,售罄,无响应,
2026-06-06 13:39:16,295821,280元票,280,售罄,无响应,
2026-06-06 13:39:21,295821,880元票,880,售罄,无响应,
2026-06-06 13:39:21,295821,780元票,780,售罄,无响应,
2026-06-06 13:39:21,295821,580元票,580,售罄,无响应,
2026-06-06 13:39:21,295821,480元票,480,售罄,无响应,
2026-06-06 13:39:21,295821,380元票,380,售罄,无响应,
2026-06-06 13:39:21,295821,280元票,280,售罄,无响应,
2026-06-06 13:39:25,295821,880元票,880,售罄,无响应,
2026-06-06 13:39:25,295821,780元票,780,售罄,无响应,
2026-06-06 13:39:25,295821,580元票,580,售罄,无响应,
2026-06-06 13:39:25,295821,480元票,480,售罄,无响应,
2026-06-06 13:39:25,295821,380元票,380,售罄,无响应,
2026-06-06 13:39:25,295821,280元票,280,售罄,无响应,
2026-06-06 13:39:29,295821,880元票,880,售罄,无响应,
2026-06-06 13:39:29,295821,780元票,780,售罄,无响应,
2026-06-06 13:39:29,295821,580元票,580,售罄,无响应,
2026-06-06 13:39:29,295821,480元票,480,售罄,无响应,
2026-06-06 13:39:29,295821,380元票,380,售罄,无响应,
2026-06-06 13:39:29,295821,280元票,280,售罄,无响应,
2026-06-06 13:39:34,295821,880元票,880,售罄,无响应,
2026-06-06 13:39:34,295821,780元票,780,售罄,无响应,
2026-06-06 13:39:34,295821,580元票,580,售罄,无响应,
2026-06-06 13:39:34,295821,480元票,480,售罄,无响应,
2026-06-06 13:39:34,295821,380元票,380,售罄,无响应,
2026-06-06 13:39:34,295821,280元票,280,售罄,无响应,
2026-06-06 13:39:40,295821,880元票,880,售罄,无响应,
2026-06-06 13:39:40,295821,780元票,780,售罄,无响应,
2026-06-06 13:39:40,295821,580元票,580,售罄,无响应,
2026-06-06 13:39:40,295821,480元票,480,售罄,无响应,
2026-06-06 13:39:40,295821,380元票,380,售罄,无响应,
2026-06-06 13:39:40,295821,280元票,280,售罄,无响应,
2026-06-06 13:39:45,295821,880元票,880,售罄,无响应,
2026-06-06 13:39:45,295821,780元票,780,售罄,无响应,
2026-06-06 13:39:45,295821,580元票,580,售罄,无响应,
2026-06-06 13:39:45,295821,480元票,480,售罄,无响应,
2026-06-06 13:39:45,295821,380元票,380,售罄,无响应,
2026-06-06 13:39:45,295821,280元票,280,售罄,无响应,
2026-06-06 13:39:49,295821,880元票,880,售罄,无响应,
2026-06-06 13:39:49,295821,780元票,780,售罄,无响应,
2026-06-06 13:39:49,295821,580元票,580,售罄,无响应,
2026-06-06 13:39:49,295821,480元票,480,售罄,无响应,
2026-06-06 13:39:49,295821,380元票,380,售罄,无响应,
2026-06-06 13:39:49,295821,280元票,280,售罄,无响应,
2026-06-06 13:39:54,295821,880元票,880,售罄,无响应,
2026-06-06 13:39:54,295821,780元票,780,售罄,无响应,
2026-06-06 13:39:54,295821,580元票,580,售罄,无响应,
2026-06-06 13:39:54,295821,480元票,480,售罄,无响应,
2026-06-06 13:39:54,295821,380元票,380,售罄,无响应,
2026-06-06 13:39:54,295821,280元票,280,售罄,无响应,
2026-06-06 13:39:58,295821,880元票,880,售罄,无响应,
2026-06-06 13:39:58,295821,780元票,780,售罄,无响应,
2026-06-06 13:39:58,295821,580元票,580,售罄,无响应,
2026-06-06 13:39:58,295821,480元票,480,售罄,无响应,
2026-06-06 13:39:58,295821,380元票,380,售罄,无响应,
2026-06-06 13:39:58,295821,280元票,280,售罄,无响应,
2026-06-06 13:40:02,295821,880元票,880,售罄,无响应,
2026-06-06 13:40:02,295821,780元票,780,售罄,无响应,
2026-06-06 13:40:02,295821,580元票,580,售罄,无响应,
2026-06-06 13:40:02,295821,480元票,480,售罄,无响应,
2026-06-06 13:40:02,295821,380元票,380,售罄,无响应,
2026-06-06 13:40:02,295821,280元票,280,售罄,无响应,
2026-06-06 13:40:07,295821,880元票,880,售罄,无响应,
2026-06-06 13:40:07,295821,780元票,780,售罄,无响应,
2026-06-06 13:40:07,295821,580元票,580,售罄,无响应,
2026-06-06 13:40:07,295821,480元票,480,售罄,无响应,
2026-06-06 13:40:07,295821,380元票,380,售罄,无响应,
2026-06-06 13:40:07,295821,280元票,280,售罄,无响应,
2026-06-06 13:40:12,295821,880元票,880,售罄,无响应,
2026-06-06 13:40:12,295821,780元票,780,售罄,无响应,
2026-06-06 13:40:12,295821,580元票,580,售罄,无响应,
2026-06-06 13:40:12,295821,480元票,480,售罄,无响应,
2026-06-06 13:40:12,295821,380元票,380,售罄,无响应,
2026-06-06 13:40:12,295821,280元票,280,售罄,无响应,
2026-06-06 13:40:16,295821,880元票,880,售罄,无响应,
2026-06-06 13:40:16,295821,780元票,780,售罄,无响应,
2026-06-06 13:40:16,295821,580元票,580,售罄,无响应,
2026-06-06 13:40:16,295821,480元票,480,售罄,无响应,
2026-06-06 13:40:16,295821,380元票,380,售罄,无响应,
2026-06-06 13:40:16,295821,280元票,280,售罄,无响应,
2026-06-06 13:40:20,295821,880元票,880,售罄,无响应,
2026-06-06 13:40:20,295821,780元票,780,售罄,无响应,
2026-06-06 13:40:20,295821,580元票,580,售罄,无响应,
2026-06-06 13:40:20,295821,480元票,480,售罄,无响应,
2026-06-06 13:40:20,295821,380元票,380,售罄,无响应,
2026-06-06 13:40:20,295821,280元票,280,售罄,无响应,
2026-06-06 13:40:25,295821,880元票,880,售罄,无响应,
2026-06-06 13:40:25,295821,780元票,780,售罄,无响应,
2026-06-06 13:40:25,295821,580元票,580,售罄,无响应,
2026-06-06 13:40:25,295821,480元票,480,售罄,无响应,
2026-06-06 13:40:25,295821,380元票,380,售罄,无响应,
2026-06-06 13:40:25,295821,280元票,280,售罄,无响应,
2026-06-06 13:40:29,295821,880元票,880,售罄,无响应,
2026-06-06 13:40:29,295821,780元票,780,售罄,无响应,
2026-06-06 13:40:29,295821,580元票,580,售罄,无响应,
2026-06-06 13:40:29,295821,480元票,480,售罄,无响应,
2026-06-06 13:40:29,295821,380元票,380,售罄,无响应,
2026-06-06 13:40:29,295821,280元票,280,售罄,无响应,
2026-06-06 13:40:33,295821,880元票,880,售罄,无响应,
2026-06-06 13:40:33,295821,780元票,780,售罄,无响应,
2026-06-06 13:40:33,295821,580元票,580,售罄,无响应,
2026-06-06 13:40:33,295821,480元票,480,售罄,无响应,
2026-06-06 13:40:33,295821,380元票,380,售罄,无响应,
2026-06-06 13:40:33,295821,280元票,280,售罄,无响应,
2026-06-06 13:40:38,295821,880元票,880,售罄,无响应,
2026-06-06 13:40:38,295821,780元票,780,售罄,无响应,
2026-06-06 13:40:38,295821,580元票,580,售罄,无响应,
2026-06-06 13:40:38,295821,480元票,480,售罄,无响应,
2026-06-06 13:40:38,295821,380元票,380,售罄,无响应,
2026-06-06 13:40:38,295821,280元票,280,售罄,无响应,
2026-06-06 13:40:42,295821,880元票,880,售罄,无响应,
2026-06-06 13:40:42,295821,780元票,780,售罄,无响应,
2026-06-06 13:40:42,295821,580元票,580,售罄,无响应,
2026-06-06 13:40:42,295821,480元票,480,售罄,无响应,
2026-06-06 13:40:42,295821,380元票,380,售罄,无响应,
2026-06-06 13:40:42,295821,280元票,280,售罄,无响应,
2026-06-06 13:40:46,295821,880元票,880,售罄,无响应,
2026-06-06 13:40:46,295821,780元票,780,售罄,无响应,
2026-06-06 13:40:46,295821,580元票,580,售罄,无响应,
2026-06-06 13:40:46,295821,480元票,480,售罄,无响应,
2026-06-06 13:40:46,295821,380元票,380,售罄,无响应,
2026-06-06 13:40:46,295821,280元票,280,售罄,无响应,
2026-06-06 13:40:51,295821,880元票,880,售罄,无响应,
2026-06-06 13:40:51,295821,780元票,780,售罄,无响应,
2026-06-06 13:40:51,295821,580元票,580,售罄,无响应,
2026-06-06 13:40:51,295821,480元票,480,售罄,无响应,
2026-06-06 13:40:51,295821,380元票,380,售罄,无响应,
2026-06-06 13:40:51,295821,280元票,280,售罄,无响应,
2026-06-06 13:40:55,295821,880元票,880,售罄,无响应,
2026-06-06 13:40:55,295821,780元票,780,售罄,无响应,
2026-06-06 13:40:55,295821,580元票,580,售罄,无响应,
2026-06-06 13:40:55,295821,480元票,480,售罄,无响应,
2026-06-06 13:40:55,295821,380元票,380,售罄,无响应,
2026-06-06 13:40:55,295821,280元票,280,售罄,无响应,
2026-06-06 13:41:00,295821,880元票,880,售罄,无响应,
2026-06-06 13:41:00,295821,780元票,780,售罄,无响应,
2026-06-06 13:41:00,295821,580元票,580,售罄,无响应,
2026-06-06 13:41:00,295821,480元票,480,售罄,无响应,
2026-06-06 13:41:00,295821,380元票,380,售罄,无响应,
2026-06-06 13:41:00,295821,280元票,280,售罄,无响应,
2026-06-06 13:41:04,295821,880元票,880,售罄,无响应,
2026-06-06 13:41:04,295821,780元票,780,售罄,无响应,
2026-06-06 13:41:04,295821,580元票,580,售罄,无响应,
2026-06-06 13:41:04,295821,480元票,480,售罄,无响应,
2026-06-06 13:41:04,295821,380元票,380,售罄,无响应,
2026-06-06 13:41:04,295821,280元票,280,售罄,无响应,
2026-06-06 13:41:08,295821,880元票,880,售罄,无响应,
2026-06-06 13:41:08,295821,780元票,780,售罄,无响应,
2026-06-06 13:41:08,295821,580元票,580,售罄,无响应,
2026-06-06 13:41:08,295821,480元票,480,售罄,无响应,
2026-06-06 13:41:08,295821,380元票,380,售罄,无响应,
2026-06-06 13:41:08,295821,280元票,280,售罄,无响应,
2026-06-06 13:41:13,295821,880元票,880,售罄,无响应,
2026-06-06 13:41:13,295821,780元票,780,售罄,无响应,
2026-06-06 13:41:13,295821,580元票,580,售罄,无响应,
2026-06-06 13:41:13,295821,480元票,480,售罄,无响应,
2026-06-06 13:41:13,295821,380元票,380,售罄,无响应,
2026-06-06 13:41:13,295821,280元票,280,售罄,无响应,
2026-06-06 13:41:17,295821,880元票,880,售罄,无响应,
2026-06-06 13:41:17,295821,780元票,780,售罄,无响应,
2026-06-06 13:41:17,295821,580元票,580,售罄,无响应,
2026-06-06 13:41:17,295821,480元票,480,售罄,无响应,
2026-06-06 13:41:17,295821,380元票,380,售罄,无响应,
2026-06-06 13:41:17,295821,280元票,280,售罄,无响应,
2026-06-06 13:41:22,295821,880元票,880,售罄,无响应,
2026-06-06 13:41:22,295821,780元票,780,售罄,无响应,
2026-06-06 13:41:22,295821,580元票,580,售罄,无响应,
2026-06-06 13:41:22,295821,480元票,480,售罄,无响应,
2026-06-06 13:41:22,295821,380元票,380,售罄,无响应,
2026-06-06 13:41:22,295821,280元票,280,售罄,无响应,
2026-06-06 13:41:26,295821,880元票,880,售罄,无响应,
2026-06-06 13:41:26,295821,780元票,780,售罄,无响应,
2026-06-06 13:41:26,295821,580元票,580,售罄,无响应,
2026-06-06 13:41:26,295821,480元票,480,售罄,无响应,
2026-06-06 13:41:26,295821,380元票,380,售罄,无响应,
2026-06-06 13:41:26,295821,280元票,280,售罄,无响应,
2026-06-06 13:41:31,295821,880元票,880,售罄,无响应,
2026-06-06 13:41:31,295821,780元票,780,售罄,无响应,
2026-06-06 13:41:31,295821,580元票,580,售罄,无响应,
2026-06-06 13:41:31,295821,480元票,480,售罄,无响应,
2026-06-06 13:41:31,295821,380元票,380,售罄,无响应,
2026-06-06 13:41:31,295821,280元票,280,售罄,无响应,
2026-06-06 13:41:35,295821,880元票,880,售罄,无响应,
2026-06-06 13:41:35,295821,780元票,780,售罄,无响应,
2026-06-06 13:41:35,295821,580元票,580,售罄,无响应,
2026-06-06 13:41:35,295821,480元票,480,售罄,无响应,
2026-06-06 13:41:35,295821,380元票,380,售罄,无响应,
2026-06-06 13:41:35,295821,280元票,280,售罄,无响应,
2026-06-06 13:41:39,295821,880元票,880,售罄,无响应,
2026-06-06 13:41:39,295821,780元票,780,售罄,无响应,
2026-06-06 13:41:39,295821,580元票,580,售罄,无响应,
2026-06-06 13:41:39,295821,480元票,480,售罄,无响应,
2026-06-06 13:41:39,295821,380元票,380,售罄,无响应,
2026-06-06 13:41:39,295821,280元票,280,售罄,无响应,
2026-06-06 13:41:44,295821,880元票,880,售罄,无响应,
2026-06-06 13:41:44,295821,780元票,780,售罄,无响应,
2026-06-06 13:41:44,295821,580元票,580,售罄,无响应,
2026-06-06 13:41:44,295821,480元票,480,售罄,无响应,
2026-06-06 13:41:44,295821,380元票,380,售罄,无响应,
2026-06-06 13:41:44,295821,280元票,280,售罄,无响应,
2026-06-06 13:41:48,295821,880元票,880,售罄,无响应,
2026-06-06 13:41:48,295821,780元票,780,售罄,无响应,
2026-06-06 13:41:48,295821,580元票,580,售罄,无响应,
2026-06-06 13:41:48,295821,480元票,480,售罄,无响应,
2026-06-06 13:41:48,295821,380元票,380,售罄,无响应,
2026-06-06 13:41:48,295821,280元票,280,售罄,无响应,
2026-06-06 13:41:52,295821,880元票,880,售罄,无响应,
2026-06-06 13:41:52,295821,780元票,780,售罄,无响应,
2026-06-06 13:41:52,295821,580元票,580,售罄,无响应,
2026-06-06 13:41:52,295821,480元票,480,售罄,无响应,
2026-06-06 13:41:52,295821,380元票,380,售罄,无响应,
2026-06-06 13:41:52,295821,280元票,280,售罄,无响应,
2026-06-06 13:41:57,295821,880元票,880,售罄,无响应,
2026-06-06 13:41:57,295821,780元票,780,售罄,无响应,
2026-06-06 13:41:57,295821,580元票,580,售罄,无响应,
2026-06-06 13:41:57,295821,480元票,480,售罄,无响应,
2026-06-06 13:41:57,295821,380元票,380,售罄,无响应,
2026-06-06 13:41:57,295821,280元票,280,售罄,无响应,
2026-06-06 13:42:01,295821,880元票,880,售罄,无响应,
2026-06-06 13:42:01,295821,780元票,780,售罄,无响应,
2026-06-06 13:42:01,295821,580元票,580,售罄,无响应,
2026-06-06 13:42:01,295821,480元票,480,售罄,无响应,
2026-06-06 13:42:01,295821,380元票,380,售罄,无响应,
2026-06-06 13:42:01,295821,280元票,280,售罄,无响应,
2026-06-06 13:42:05,295821,880元票,880,售罄,无响应,
2026-06-06 13:42:05,295821,780元票,780,售罄,无响应,
2026-06-06 13:42:05,295821,580元票,580,售罄,无响应,
2026-06-06 13:42:05,295821,480元票,480,售罄,无响应,
2026-06-06 13:42:05,295821,380元票,380,售罄,无响应,
2026-06-06 13:42:05,295821,280元票,280,售罄,无响应,
2026-06-06 13:42:10,295821,880元票,880,售罄,无响应,
2026-06-06 13:42:10,295821,780元票,780,售罄,无响应,
2026-06-06 13:42:10,295821,580元票,580,售罄,无响应,
2026-06-06 13:42:10,295821,480元票,480,售罄,无响应,
2026-06-06 13:42:10,295821,380元票,380,售罄,无响应,
2026-06-06 13:42:10,295821,280元票,280,售罄,无响应,
2026-06-06 13:42:14,295821,880元票,880,售罄,无响应,
2026-06-06 13:42:14,295821,780元票,780,售罄,无响应,
2026-06-06 13:42:14,295821,580元票,580,售罄,无响应,
2026-06-06 13:42:14,295821,480元票,480,售罄,无响应,
2026-06-06 13:42:14,295821,380元票,380,售罄,无响应,
2026-06-06 13:42:14,295821,280元票,280,售罄,无响应,
2026-06-06 13:42:19,295821,880元票,880,售罄,无响应,
2026-06-06 13:42:19,295821,780元票,780,售罄,无响应,
2026-06-06 13:42:19,295821,580元票,580,售罄,无响应,
2026-06-06 13:42:19,295821,480元票,480,售罄,无响应,
2026-06-06 13:42:19,295821,380元票,380,售罄,无响应,
2026-06-06 13:42:19,295821,280元票,280,售罄,无响应,
2026-06-06 13:42:23,295821,880元票,880,售罄,无响应,
2026-06-06 13:42:23,295821,780元票,780,售罄,无响应,
2026-06-06 13:42:23,295821,580元票,580,售罄,无响应,
2026-06-06 13:42:23,295821,480元票,480,售罄,无响应,
2026-06-06 13:42:23,295821,380元票,380,售罄,无响应,
2026-06-06 13:42:23,295821,280元票,280,售罄,无响应,
2026-06-06 13:42:27,295821,880元票,880,售罄,无响应,
2026-06-06 13:42:27,295821,780元票,780,售罄,无响应,
2026-06-06 13:42:27,295821,580元票,580,售罄,无响应,
2026-06-06 13:42:27,295821,480元票,480,售罄,无响应,
2026-06-06 13:42:27,295821,380元票,380,售罄,无响应,
2026-06-06 13:42:27,295821,280元票,280,售罄,无响应,
2026-06-06 13:42:32,295821,880元票,880,售罄,无响应,
2026-06-06 13:42:32,295821,780元票,780,售罄,无响应,
2026-06-06 13:42:32,295821,580元票,580,售罄,无响应,
2026-06-06 13:42:32,295821,480元票,480,售罄,无响应,
2026-06-06 13:42:32,295821,380元票,380,售罄,无响应,
2026-06-06 13:42:32,295821,280元票,280,售罄,无响应,
2026-06-06 13:42:36,295821,880元票,880,售罄,无响应,
2026-06-06 13:42:36,295821,780元票,780,售罄,无响应,
2026-06-06 13:42:36,295821,580元票,580,售罄,无响应,
2026-06-06 13:42:36,295821,480元票,480,售罄,无响应,
2026-06-06 13:42:36,295821,380元票,380,售罄,无响应,
2026-06-06 13:42:36,295821,280元票,280,售罄,无响应,
2026-06-06 13:42:40,295821,880元票,880,售罄,无响应,
2026-06-06 13:42:40,295821,780元票,780,售罄,无响应,
2026-06-06 13:42:40,295821,580元票,580,售罄,无响应,
2026-06-06 13:42:40,295821,480元票,480,售罄,无响应,
2026-06-06 13:42:40,295821,380元票,380,售罄,无响应,
2026-06-06 13:42:40,295821,280元票,280,售罄,无响应,
2026-06-06 13:42:45,295821,880元票,880,售罄,无响应,
2026-06-06 13:42:45,295821,780元票,780,售罄,无响应,
2026-06-06 13:42:45,295821,580元票,580,售罄,无响应,
2026-06-06 13:42:45,295821,480元票,480,售罄,无响应,
2026-06-06 13:42:45,295821,380元票,380,售罄,无响应,
2026-06-06 13:42:45,295821,280元票,280,售罄,无响应,
2026-06-06 13:42:49,295821,880元票,880,售罄,无响应,
2026-06-06 13:42:49,295821,780元票,780,售罄,无响应,
2026-06-06 13:42:49,295821,580元票,580,售罄,无响应,
2026-06-06 13:42:49,295821,480元票,480,售罄,无响应,
2026-06-06 13:42:49,295821,380元票,380,售罄,无响应,
2026-06-06 13:42:49,295821,280元票,280,售罄,无响应,
2026-06-06 13:42:54,295821,880元票,880,售罄,无响应,
2026-06-06 13:42:54,295821,780元票,780,售罄,无响应,
2026-06-06 13:42:54,295821,580元票,580,售罄,无响应,
2026-06-06 13:42:54,295821,480元票,480,售罄,无响应,
2026-06-06 13:42:54,295821,380元票,380,售罄,无响应,
2026-06-06 13:42:54,295821,280元票,280,售罄,无响应,
2026-06-06 13:42:58,295821,880元票,880,售罄,无响应,
2026-06-06 13:42:58,295821,780元票,780,售罄,无响应,
2026-06-06 13:42:58,295821,580元票,580,售罄,无响应,
2026-06-06 13:42:58,295821,480元票,480,售罄,无响应,
2026-06-06 13:42:58,295821,380元票,380,售罄,无响应,
2026-06-06 13:42:58,295821,280元票,280,售罄,无响应,
2026-06-06 13:43:02,295821,880元票,880,售罄,无响应,
2026-06-06 13:43:02,295821,780元票,780,售罄,无响应,
2026-06-06 13:43:02,295821,580元票,580,售罄,无响应,
2026-06-06 13:43:02,295821,480元票,480,售罄,无响应,
2026-06-06 13:43:02,295821,380元票,380,售罄,无响应,
2026-06-06 13:43:02,295821,280元票,280,售罄,无响应,
2026-06-06 13:43:07,295821,880元票,880,售罄,无响应,
2026-06-06 13:43:07,295821,780元票,780,售罄,无响应,
2026-06-06 13:43:07,295821,580元票,580,售罄,无响应,
2026-06-06 13:43:07,295821,480元票,480,售罄,无响应,
2026-06-06 13:43:07,295821,380元票,380,售罄,无响应,
2026-06-06 13:43:07,295821,280元票,280,售罄,无响应,
2026-06-06 13:43:11,295821,880元票,880,售罄,无响应,
2026-06-06 13:43:11,295821,780元票,780,售罄,无响应,
2026-06-06 13:43:11,295821,580元票,580,售罄,无响应,
2026-06-06 13:43:11,295821,480元票,480,售罄,无响应,
2026-06-06 13:43:11,295821,380元票,380,售罄,无响应,
2026-06-06 13:43:11,295821,280元票,280,售罄,无响应,
2026-06-06 13:43:16,295821,880元票,880,售罄,无响应,
2026-06-06 13:43:16,295821,780元票,780,售罄,无响应,
2026-06-06 13:43:16,295821,580元票,580,售罄,无响应,
2026-06-06 13:43:16,295821,480元票,480,售罄,无响应,
2026-06-06 13:43:16,295821,380元票,380,售罄,无响应,
2026-06-06 13:43:16,295821,280元票,280,售罄,无响应,
2026-06-06 13:43:20,295821,880元票,880,售罄,无响应,
2026-06-06 13:43:20,295821,780元票,780,售罄,无响应,
2026-06-06 13:43:20,295821,580元票,580,售罄,无响应,
2026-06-06 13:43:20,295821,480元票,480,售罄,无响应,
2026-06-06 13:43:20,295821,380元票,380,售罄,无响应,
2026-06-06 13:43:20,295821,280元票,280,售罄,无响应,
2026-06-06 13:43:24,295821,880元票,880,售罄,无响应,
2026-06-06 13:43:24,295821,780元票,780,售罄,无响应,
2026-06-06 13:43:24,295821,580元票,580,售罄,无响应,
2026-06-06 13:43:24,295821,480元票,480,售罄,无响应,
2026-06-06 13:43:24,295821,380元票,380,售罄,无响应,
2026-06-06 13:43:24,295821,280元票,280,售罄,无响应,
2026-06-06 13:43:29,295821,880元票,880,售罄,无响应,
2026-06-06 13:43:29,295821,780元票,780,售罄,无响应,
2026-06-06 13:43:29,295821,580元票,580,售罄,无响应,
2026-06-06 13:43:29,295821,480元票,480,售罄,无响应,
2026-06-06 13:43:29,295821,380元票,380,售罄,无响应,
2026-06-06 13:43:29,295821,280元票,280,售罄,无响应,
2026-06-06 13:43:33,295821,880元票,880,售罄,无响应,
2026-06-06 13:43:33,295821,780元票,780,售罄,无响应,
2026-06-06 13:43:33,295821,580元票,580,售罄,无响应,
2026-06-06 13:43:33,295821,480元票,480,售罄,无响应,
2026-06-06 13:43:33,295821,380元票,380,售罄,无响应,
2026-06-06 13:43:33,295821,280元票,280,售罄,无响应,
2026-06-06 13:43:38,295821,880元票,880,售罄,无响应,
2026-06-06 13:43:38,295821,780元票,780,售罄,无响应,
2026-06-06 13:43:38,295821,580元票,580,售罄,无响应,
2026-06-06 13:43:38,295821,480元票,480,售罄,无响应,
2026-06-06 13:43:38,295821,380元票,380,售罄,无响应,
2026-06-06 13:43:38,295821,280元票,280,售罄,无响应,
2026-06-06 13:43:42,295821,880元票,880,售罄,无响应,
2026-06-06 13:43:42,295821,780元票,780,售罄,无响应,
2026-06-06 13:43:42,295821,580元票,580,售罄,无响应,
2026-06-06 13:43:42,295821,480元票,480,售罄,无响应,
2026-06-06 13:43:42,295821,380元票,380,售罄,无响应,
2026-06-06 13:43:42,295821,280元票,280,售罄,无响应,
2026-06-06 13:43:46,295821,880元票,880,售罄,无响应,
2026-06-06 13:43:46,295821,780元票,780,售罄,无响应,
2026-06-06 13:43:46,295821,580元票,580,售罄,无响应,
2026-06-06 13:43:46,295821,480元票,480,售罄,无响应,
2026-06-06 13:43:46,295821,380元票,380,售罄,无响应,
2026-06-06 13:43:46,295821,280元票,280,售罄,无响应,
2026-06-06 13:43:51,295821,880元票,880,售罄,无响应,
2026-06-06 13:43:51,295821,780元票,780,售罄,无响应,
2026-06-06 13:43:51,295821,580元票,580,售罄,无响应,
2026-06-06 13:43:51,295821,480元票,480,售罄,无响应,
2026-06-06 13:43:51,295821,380元票,380,售罄,无响应,
2026-06-06 13:43:51,295821,280元票,280,售罄,无响应,
2026-06-06 13:43:55,295821,880元票,880,售罄,无响应,
2026-06-06 13:43:55,295821,780元票,780,售罄,无响应,
2026-06-06 13:43:55,295821,580元票,580,售罄,无响应,
2026-06-06 13:43:55,295821,480元票,480,售罄,无响应,
2026-06-06 13:43:55,295821,380元票,380,售罄,无响应,
2026-06-06 13:43:55,295821,280元票,280,售罄,无响应,
2026-06-06 13:44:00,295821,880元票,880,售罄,无响应,
2026-06-06 13:44:00,295821,780元票,780,售罄,无响应,
2026-06-06 13:44:00,295821,580元票,580,售罄,无响应,
2026-06-06 13:44:00,295821,480元票,480,售罄,无响应,
2026-06-06 13:44:00,295821,380元票,380,售罄,无响应,
2026-06-06 13:44:00,295821,280元票,280,售罄,无响应,
2026-06-06 13:44:04,295821,880元票,880,售罄,无响应,
2026-06-06 13:44:04,295821,780元票,780,售罄,无响应,
2026-06-06 13:44:04,295821,580元票,580,售罄,无响应,
2026-06-06 13:44:04,295821,480元票,480,售罄,无响应,
2026-06-06 13:44:04,295821,380元票,380,售罄,无响应,
2026-06-06 13:44:04,295821,280元票,280,售罄,无响应,
2026-06-06 13:44:09,295821,880元票,880,售罄,无响应,
2026-06-06 13:44:09,295821,780元票,780,售罄,无响应,
2026-06-06 13:44:09,295821,580元票,580,售罄,无响应,
2026-06-06 13:44:09,295821,480元票,480,售罄,无响应,
2026-06-06 13:44:09,295821,380元票,380,售罄,无响应,
2026-06-06 13:44:09,295821,280元票,280,售罄,无响应,
2026-06-06 13:44:13,295821,880元票,880,售罄,无响应,
2026-06-06 13:44:13,295821,780元票,780,售罄,无响应,
2026-06-06 13:44:13,295821,580元票,580,售罄,无响应,
2026-06-06 13:44:13,295821,480元票,480,售罄,无响应,
2026-06-06 13:44:13,295821,380元票,380,售罄,无响应,
2026-06-06 13:44:13,295821,280元票,280,售罄,无响应,
2026-06-06 13:44:18,295821,880元票,880,售罄,无响应,
2026-06-06 13:44:18,295821,780元票,780,售罄,无响应,
2026-06-06 13:44:18,295821,580元票,580,售罄,无响应,
2026-06-06 13:44:18,295821,480元票,480,售罄,无响应,
2026-06-06 13:44:18,295821,380元票,380,售罄,无响应,
2026-06-06 13:44:18,295821,280元票,280,售罄,无响应,
2026-06-06 13:44:22,295821,880元票,880,售罄,无响应,
2026-06-06 13:44:22,295821,780元票,780,售罄,无响应,
2026-06-06 13:44:22,295821,580元票,580,售罄,无响应,
2026-06-06 13:44:22,295821,480元票,480,售罄,无响应,
2026-06-06 13:44:22,295821,380元票,380,售罄,无响应,
2026-06-06 13:44:22,295821,280元票,280,售罄,无响应,
2026-06-06 13:44:26,295821,880元票,880,售罄,无响应,
2026-06-06 13:44:26,295821,780元票,780,售罄,无响应,
2026-06-06 13:44:26,295821,580元票,580,售罄,无响应,
2026-06-06 13:44:26,295821,480元票,480,售罄,无响应,
2026-06-06 13:44:26,295821,380元票,380,售罄,无响应,
2026-06-06 13:44:26,295821,280元票,280,售罄,无响应,
2026-06-06 13:44:31,295821,880元票,880,售罄,无响应,
2026-06-06 13:44:31,295821,780元票,780,售罄,无响应,
2026-06-06 13:44:31,295821,580元票,580,售罄,无响应,
2026-06-06 13:44:31,295821,480元票,480,售罄,无响应,
2026-06-06 13:44:31,295821,380元票,380,售罄,无响应,
2026-06-06 13:44:31,295821,280元票,280,售罄,无响应,
2026-06-06 13:44:35,295821,880元票,880,售罄,无响应,
2026-06-06 13:44:35,295821,780元票,780,售罄,无响应,
2026-06-06 13:44:35,295821,580元票,580,售罄,无响应,
2026-06-06 13:44:35,295821,480元票,480,售罄,无响应,
2026-06-06 13:44:35,295821,380元票,380,售罄,无响应,
2026-06-06 13:44:35,295821,280元票,280,售罄,无响应,
2026-06-06 13:44:42,295821,880元票,880,售罄,无响应,
2026-06-06 13:44:42,295821,780元票,780,售罄,无响应,
2026-06-06 13:44:42,295821,580元票,580,售罄,无响应,
2026-06-06 13:44:42,295821,480元票,480,售罄,无响应,
2026-06-06 13:44:42,295821,380元票,380,售罄,无响应,
2026-06-06 13:44:42,295821,280元票,280,售罄,无响应,
2026-06-06 13:44:47,295821,880元票,880,售罄,无响应,
2026-06-06 13:44:47,295821,780元票,780,售罄,无响应,
2026-06-06 13:44:47,295821,580元票,580,售罄,无响应,
2026-06-06 13:44:47,295821,480元票,480,售罄,无响应,
2026-06-06 13:44:47,295821,380元票,380,售罄,无响应,
2026-06-06 13:44:47,295821,280元票,280,售罄,无响应,
2026-06-06 13:44:51,295821,880元票,880,售罄,无响应,
2026-06-06 13:44:51,295821,780元票,780,售罄,无响应,
2026-06-06 13:44:51,295821,580元票,580,售罄,无响应,
2026-06-06 13:44:51,295821,480元票,480,售罄,无响应,
2026-06-06 13:44:51,295821,380元票,380,售罄,无响应,
2026-06-06 13:44:51,295821,280元票,280,售罄,无响应,
2026-06-06 13:44:56,295821,880元票,880,售罄,无响应,
2026-06-06 13:44:56,295821,780元票,780,售罄,无响应,
2026-06-06 13:44:56,295821,580元票,580,售罄,无响应,
2026-06-06 13:44:56,295821,480元票,480,售罄,无响应,
2026-06-06 13:44:56,295821,380元票,380,售罄,无响应,
2026-06-06 13:44:56,295821,280元票,280,售罄,无响应,
2026-06-06 13:45:00,295821,880元票,880,售罄,无响应,
2026-06-06 13:45:00,295821,780元票,780,售罄,无响应,
2026-06-06 13:45:00,295821,580元票,580,售罄,无响应,
2026-06-06 13:45:00,295821,480元票,480,售罄,无响应,
2026-06-06 13:45:00,295821,380元票,380,售罄,无响应,
2026-06-06 13:45:00,295821,280元票,280,售罄,无响应,
2026-06-06 13:45:05,295821,880元票,880,售罄,无响应,
2026-06-06 13:45:05,295821,780元票,780,售罄,无响应,
2026-06-06 13:45:05,295821,580元票,580,售罄,无响应,
2026-06-06 13:45:05,295821,480元票,480,售罄,无响应,
2026-06-06 13:45:05,295821,380元票,380,售罄,无响应,
2026-06-06 13:45:05,295821,280元票,280,售罄,无响应,
2026-06-06 13:45:09,295821,880元票,880,售罄,无响应,
2026-06-06 13:45:09,295821,780元票,780,售罄,无响应,
2026-06-06 13:45:09,295821,580元票,580,售罄,无响应,
2026-06-06 13:45:09,295821,480元票,480,售罄,无响应,
2026-06-06 13:45:09,295821,380元票,380,售罄,无响应,
2026-06-06 13:45:09,295821,280元票,280,售罄,无响应,
2026-06-06 13:45:13,295821,880元票,880,售罄,无响应,
2026-06-06 13:45:13,295821,780元票,780,售罄,无响应,
2026-06-06 13:45:13,295821,580元票,580,售罄,无响应,
2026-06-06 13:45:13,295821,480元票,480,售罄,无响应,
2026-06-06 13:45:13,295821,380元票,380,售罄,无响应,
2026-06-06 13:45:13,295821,280元票,280,售罄,无响应,
2026-06-06 13:45:18,295821,880元票,880,售罄,无响应,
2026-06-06 13:45:18,295821,780元票,780,售罄,无响应,
2026-06-06 13:45:18,295821,580元票,580,售罄,无响应,
2026-06-06 13:45:18,295821,480元票,480,售罄,无响应,
2026-06-06 13:45:18,295821,380元票,380,售罄,无响应,
2026-06-06 13:45:18,295821,280元票,280,售罄,无响应,
2026-06-06 13:45:22,295821,880元票,880,售罄,无响应,
2026-06-06 13:45:22,295821,780元票,780,售罄,无响应,
2026-06-06 13:45:22,295821,580元票,580,售罄,无响应,
2026-06-06 13:45:22,295821,480元票,480,售罄,无响应,
2026-06-06 13:45:22,295821,380元票,380,售罄,无响应,
2026-06-06 13:45:22,295821,280元票,280,售罄,无响应,
2026-06-06 13:45:27,295821,880元票,880,售罄,无响应,
2026-06-06 13:45:27,295821,780元票,780,售罄,无响应,
2026-06-06 13:45:27,295821,580元票,580,售罄,无响应,
2026-06-06 13:45:27,295821,480元票,480,售罄,无响应,
2026-06-06 13:45:27,295821,380元票,380,售罄,无响应,
2026-06-06 13:45:27,295821,280元票,280,售罄,无响应,
2026-06-06 13:45:31,295821,880元票,880,售罄,无响应,
2026-06-06 13:45:31,295821,780元票,780,售罄,无响应,
2026-06-06 13:45:31,295821,580元票,580,售罄,无响应,
2026-06-06 13:45:31,295821,480元票,480,售罄,无响应,
2026-06-06 13:45:31,295821,380元票,380,售罄,无响应,
2026-06-06 13:45:31,295821,280元票,280,售罄,无响应,
2026-06-06 13:45:36,295821,880元票,880,售罄,无响应,
2026-06-06 13:45:36,295821,780元票,780,售罄,无响应,
2026-06-06 13:45:36,295821,580元票,580,售罄,无响应,
2026-06-06 13:45:36,295821,480元票,480,售罄,无响应,
2026-06-06 13:45:36,295821,380元票,380,售罄,无响应,
2026-06-06 13:45:36,295821,280元票,280,售罄,无响应,
2026-06-06 13:45:40,295821,880元票,880,售罄,无响应,
2026-06-06 13:45:40,295821,780元票,780,售罄,无响应,
2026-06-06 13:45:40,295821,580元票,580,售罄,无响应,
2026-06-06 13:45:40,295821,480元票,480,售罄,无响应,
2026-06-06 13:45:40,295821,380元票,380,售罄,无响应,
2026-06-06 13:45:40,295821,280元票,280,售罄,无响应,
2026-06-06 13:45:45,295821,880元票,880,售罄,无响应,
2026-06-06 13:45:45,295821,780元票,780,售罄,无响应,
2026-06-06 13:45:45,295821,580元票,580,售罄,无响应,
2026-06-06 13:45:45,295821,480元票,480,售罄,无响应,
2026-06-06 13:45:45,295821,380元票,380,售罄,无响应,
2026-06-06 13:45:45,295821,280元票,280,售罄,无响应,
2026-06-06 13:45:49,295821,880元票,880,售罄,无响应,
2026-06-06 13:45:49,295821,780元票,780,售罄,无响应,
2026-06-06 13:45:49,295821,580元票,580,售罄,无响应,
2026-06-06 13:45:49,295821,480元票,480,售罄,无响应,
2026-06-06 13:45:49,295821,380元票,380,售罄,无响应,
2026-06-06 13:45:49,295821,280元票,280,售罄,无响应,
2026-06-06 13:45:53,295821,880元票,880,售罄,无响应,
2026-06-06 13:45:53,295821,780元票,780,售罄,无响应,
2026-06-06 13:45:53,295821,580元票,580,售罄,无响应,
2026-06-06 13:45:53,295821,480元票,480,售罄,无响应,
2026-06-06 13:45:53,295821,380元票,380,售罄,无响应,
2026-06-06 13:45:53,295821,280元票,280,售罄,无响应,
2026-06-06 13:45:58,295821,880元票,880,售罄,无响应,
2026-06-06 13:45:58,295821,780元票,780,售罄,无响应,
2026-06-06 13:45:58,295821,580元票,580,售罄,无响应,
2026-06-06 13:45:58,295821,480元票,480,售罄,无响应,
2026-06-06 13:45:58,295821,380元票,380,售罄,无响应,
2026-06-06 13:45:58,295821,280元票,280,售罄,无响应,
2026-06-06 13:46:02,295821,880元票,880,售罄,无响应,
2026-06-06 13:46:02,295821,780元票,780,售罄,无响应,
2026-06-06 13:46:02,295821,580元票,580,售罄,无响应,
2026-06-06 13:46:02,295821,480元票,480,售罄,无响应,
2026-06-06 13:46:02,295821,380元票,380,售罄,无响应,
2026-06-06 13:46:02,295821,280元票,280,售罄,无响应,
2026-06-06 13:46:06,295821,880元票,880,售罄,无响应,
2026-06-06 13:46:06,295821,780元票,780,售罄,无响应,
2026-06-06 13:46:06,295821,580元票,580,售罄,无响应,
2026-06-06 13:46:06,295821,480元票,480,售罄,无响应,
2026-06-06 13:46:06,295821,380元票,380,售罄,无响应,
2026-06-06 13:46:06,295821,280元票,280,售罄,无响应,
2026-06-06 13:46:11,295821,880元票,880,售罄,无响应,
2026-06-06 13:46:11,295821,780元票,780,售罄,无响应,
2026-06-06 13:46:11,295821,580元票,580,售罄,无响应,
2026-06-06 13:46:11,295821,480元票,480,售罄,无响应,
2026-06-06 13:46:11,295821,380元票,380,售罄,无响应,
2026-06-06 13:46:11,295821,280元票,280,售罄,无响应,
2026-06-06 13:46:15,295821,880元票,880,售罄,无响应,
2026-06-06 13:46:15,295821,780元票,780,售罄,无响应,
2026-06-06 13:46:15,295821,580元票,580,售罄,无响应,
2026-06-06 13:46:15,295821,480元票,480,售罄,无响应,
2026-06-06 13:46:15,295821,380元票,380,售罄,无响应,
2026-06-06 13:46:15,295821,280元票,280,售罄,无响应,
2026-06-06 13:46:20,295821,880元票,880,售罄,无响应,
2026-06-06 13:46:20,295821,780元票,780,售罄,无响应,
2026-06-06 13:46:20,295821,580元票,580,售罄,无响应,
2026-06-06 13:46:20,295821,480元票,480,售罄,无响应,
2026-06-06 13:46:20,295821,380元票,380,售罄,无响应,
2026-06-06 13:46:20,295821,280元票,280,售罄,无响应,
2026-06-06 13:46:24,295821,880元票,880,售罄,无响应,
2026-06-06 13:46:24,295821,780元票,780,售罄,无响应,
2026-06-06 13:46:24,295821,580元票,580,售罄,无响应,
2026-06-06 13:46:24,295821,480元票,480,售罄,无响应,
2026-06-06 13:46:24,295821,380元票,380,售罄,无响应,
2026-06-06 13:46:24,295821,280元票,280,售罄,无响应,
2026-06-06 13:46:28,295821,880元票,880,售罄,无响应,
2026-06-06 13:46:28,295821,780元票,780,售罄,无响应,
2026-06-06 13:46:28,295821,580元票,580,售罄,无响应,
2026-06-06 13:46:28,295821,480元票,480,售罄,无响应,
2026-06-06 13:46:28,295821,380元票,380,售罄,无响应,
2026-06-06 13:46:28,295821,280元票,280,售罄,无响应,
2026-06-06 13:46:33,295821,880元票,880,售罄,无响应,
2026-06-06 13:46:33,295821,780元票,780,售罄,无响应,
2026-06-06 13:46:33,295821,580元票,580,售罄,无响应,
2026-06-06 13:46:33,295821,480元票,480,售罄,无响应,
2026-06-06 13:46:33,295821,380元票,380,售罄,无响应,
2026-06-06 13:46:33,295821,280元票,280,售罄,无响应,
2026-06-06 13:46:37,295821,880元票,880,售罄,无响应,
2026-06-06 13:46:37,295821,780元票,780,售罄,无响应,
2026-06-06 13:46:37,295821,580元票,580,售罄,无响应,
2026-06-06 13:46:37,295821,480元票,480,售罄,无响应,
2026-06-06 13:46:37,295821,380元票,380,售罄,无响应,
2026-06-06 13:46:37,295821,280元票,280,售罄,无响应,
2026-06-06 13:46:42,295821,880元票,880,售罄,无响应,
2026-06-06 13:46:42,295821,780元票,780,售罄,无响应,
2026-06-06 13:46:42,295821,580元票,580,售罄,无响应,
2026-06-06 13:46:42,295821,480元票,480,售罄,无响应,
2026-06-06 13:46:42,295821,380元票,380,售罄,无响应,
2026-06-06 13:46:42,295821,280元票,280,售罄,无响应,
2026-06-06 13:46:46,295821,880元票,880,售罄,无响应,
2026-06-06 13:46:46,295821,780元票,780,售罄,无响应,
2026-06-06 13:46:46,295821,580元票,580,售罄,无响应,
2026-06-06 13:46:46,295821,480元票,480,售罄,无响应,
2026-06-06 13:46:46,295821,380元票,380,售罄,无响应,
2026-06-06 13:46:46,295821,280元票,280,售罄,无响应,
2026-06-06 13:46:50,295821,880元票,880,售罄,无响应,
2026-06-06 13:46:50,295821,780元票,780,售罄,无响应,
2026-06-06 13:46:50,295821,580元票,580,售罄,无响应,
2026-06-06 13:46:50,295821,480元票,480,售罄,无响应,
2026-06-06 13:46:50,295821,380元票,380,售罄,无响应,
2026-06-06 13:46:50,295821,280元票,280,售罄,无响应,
2026-06-06 13:46:55,295821,880元票,880,售罄,无响应,
2026-06-06 13:46:55,295821,780元票,780,售罄,无响应,
2026-06-06 13:46:55,295821,580元票,580,售罄,无响应,
2026-06-06 13:46:55,295821,480元票,480,售罄,无响应,
2026-06-06 13:46:55,295821,380元票,380,售罄,无响应,
2026-06-06 13:46:55,295821,280元票,280,售罄,无响应,
2026-06-06 13:46:59,295821,880元票,880,售罄,无响应,
2026-06-06 13:46:59,295821,780元票,780,售罄,无响应,
2026-06-06 13:46:59,295821,580元票,580,售罄,无响应,
2026-06-06 13:46:59,295821,480元票,480,售罄,无响应,
2026-06-06 13:46:59,295821,380元票,380,售罄,无响应,
2026-06-06 13:46:59,295821,280元票,280,售罄,无响应,
2026-06-06 13:47:04,295821,880元票,880,售罄,无响应,
2026-06-06 13:47:04,295821,780元票,780,售罄,无响应,
2026-06-06 13:47:04,295821,580元票,580,售罄,无响应,
2026-06-06 13:47:04,295821,480元票,480,售罄,无响应,
2026-06-06 13:47:04,295821,380元票,380,售罄,无响应,
2026-06-06 13:47:04,295821,280元票,280,售罄,无响应,
2026-06-06 13:47:08,295821,880元票,880,售罄,无响应,
2026-06-06 13:47:08,295821,780元票,780,售罄,无响应,
2026-06-06 13:47:08,295821,580元票,580,售罄,无响应,
2026-06-06 13:47:08,295821,480元票,480,售罄,无响应,
2026-06-06 13:47:08,295821,380元票,380,售罄,无响应,
2026-06-06 13:47:08,295821,280元票,280,售罄,无响应,
2026-06-06 13:47:12,295821,880元票,880,售罄,无响应,
2026-06-06 13:47:12,295821,780元票,780,售罄,无响应,
2026-06-06 13:47:12,295821,580元票,580,售罄,无响应,
2026-06-06 13:47:12,295821,480元票,480,售罄,无响应,
2026-06-06 13:47:12,295821,380元票,380,售罄,无响应,
2026-06-06 13:47:12,295821,280元票,280,售罄,无响应,
2026-06-06 13:47:17,295821,880元票,880,售罄,无响应,
2026-06-06 13:47:17,295821,780元票,780,售罄,无响应,
2026-06-06 13:47:17,295821,580元票,580,售罄,无响应,
2026-06-06 13:47:17,295821,480元票,480,售罄,无响应,
2026-06-06 13:47:17,295821,380元票,380,售罄,无响应,
2026-06-06 13:47:17,295821,280元票,280,售罄,无响应,
2026-06-06 13:47:21,295821,880元票,880,售罄,无响应,
2026-06-06 13:47:21,295821,780元票,780,售罄,无响应,
2026-06-06 13:47:21,295821,580元票,580,售罄,无响应,
2026-06-06 13:47:21,295821,480元票,480,售罄,无响应,
2026-06-06 13:47:21,295821,380元票,380,售罄,无响应,
2026-06-06 13:47:21,295821,280元票,280,售罄,无响应,
2026-06-06 13:47:26,295821,880元票,880,售罄,无响应,
2026-06-06 13:47:26,295821,780元票,780,售罄,无响应,
2026-06-06 13:47:26,295821,580元票,580,售罄,无响应,
2026-06-06 13:47:26,295821,480元票,480,售罄,无响应,
2026-06-06 13:47:26,295821,380元票,380,售罄,无响应,
2026-06-06 13:47:26,295821,280元票,280,售罄,无响应,
2026-06-06 13:47:30,295821,880元票,880,售罄,无响应,
2026-06-06 13:47:30,295821,780元票,780,售罄,无响应,
2026-06-06 13:47:30,295821,580元票,580,售罄,无响应,
2026-06-06 13:47:30,295821,480元票,480,售罄,无响应,
2026-06-06 13:47:30,295821,380元票,380,售罄,无响应,
2026-06-06 13:47:30,295821,280元票,280,售罄,无响应,
2026-06-06 13:47:34,295821,880元票,880,售罄,无响应,
2026-06-06 13:47:34,295821,780元票,780,售罄,无响应,
2026-06-06 13:47:34,295821,580元票,580,售罄,无响应,
2026-06-06 13:47:34,295821,480元票,480,售罄,无响应,
2026-06-06 13:47:34,295821,380元票,380,售罄,无响应,
2026-06-06 13:47:34,295821,280元票,280,售罄,无响应,
2026-06-06 13:47:39,295821,880元票,880,售罄,无响应,
2026-06-06 13:47:39,295821,780元票,780,售罄,无响应,
2026-06-06 13:47:39,295821,580元票,580,售罄,无响应,
2026-06-06 13:47:39,295821,480元票,480,售罄,无响应,
2026-06-06 13:47:39,295821,380元票,380,售罄,无响应,
2026-06-06 13:47:39,295821,280元票,280,售罄,无响应,
2026-06-06 13:47:43,295821,880元票,880,售罄,无响应,
2026-06-06 13:47:43,295821,780元票,780,售罄,无响应,
2026-06-06 13:47:43,295821,580元票,580,售罄,无响应,
2026-06-06 13:47:43,295821,480元票,480,售罄,无响应,
2026-06-06 13:47:43,295821,380元票,380,售罄,无响应,
2026-06-06 13:47:43,295821,280元票,280,售罄,无响应,
2026-06-06 13:47:48,295821,880元票,880,售罄,无响应,
2026-06-06 13:47:48,295821,780元票,780,售罄,无响应,
2026-06-06 13:47:48,295821,580元票,580,售罄,无响应,
2026-06-06 13:47:48,295821,480元票,480,售罄,无响应,
2026-06-06 13:47:48,295821,380元票,380,售罄,无响应,
2026-06-06 13:47:48,295821,280元票,280,售罄,无响应,
2026-06-06 13:47:52,295821,880元票,880,售罄,无响应,
2026-06-06 13:47:52,295821,780元票,780,售罄,无响应,
2026-06-06 13:47:52,295821,580元票,580,售罄,无响应,
2026-06-06 13:47:52,295821,480元票,480,售罄,无响应,
2026-06-06 13:47:52,295821,380元票,380,售罄,无响应,
2026-06-06 13:47:52,295821,280元票,280,售罄,无响应,
2026-06-06 13:47:56,295821,880元票,880,售罄,无响应,
2026-06-06 13:47:56,295821,780元票,780,售罄,无响应,
2026-06-06 13:47:56,295821,580元票,580,售罄,无响应,
2026-06-06 13:47:56,295821,480元票,480,售罄,无响应,
2026-06-06 13:47:56,295821,380元票,380,售罄,无响应,
2026-06-06 13:47:56,295821,280元票,280,售罄,无响应,
2026-06-06 13:48:01,295821,880元票,880,售罄,无响应,
2026-06-06 13:48:01,295821,780元票,780,售罄,无响应,
2026-06-06 13:48:01,295821,580元票,580,售罄,无响应,
2026-06-06 13:48:01,295821,480元票,480,售罄,无响应,
2026-06-06 13:48:01,295821,380元票,380,售罄,无响应,
2026-06-06 13:48:01,295821,280元票,280,售罄,无响应,
2026-06-06 13:48:05,295821,880元票,880,售罄,无响应,
2026-06-06 13:48:05,295821,780元票,780,售罄,无响应,
2026-06-06 13:48:05,295821,580元票,580,售罄,无响应,
2026-06-06 13:48:05,295821,480元票,480,售罄,无响应,
2026-06-06 13:48:05,295821,380元票,380,售罄,无响应,
2026-06-06 13:48:05,295821,280元票,280,售罄,无响应,
2026-06-06 13:48:09,295821,880元票,880,售罄,无响应,
2026-06-06 13:48:09,295821,780元票,780,售罄,无响应,
2026-06-06 13:48:09,295821,580元票,580,售罄,无响应,
2026-06-06 13:48:09,295821,480元票,480,售罄,无响应,
2026-06-06 13:48:09,295821,380元票,380,售罄,无响应,
2026-06-06 13:48:09,295821,280元票,280,售罄,无响应,
2026-06-06 13:48:14,295821,880元票,880,售罄,无响应,
2026-06-06 13:48:14,295821,780元票,780,售罄,无响应,
2026-06-06 13:48:14,295821,580元票,580,售罄,无响应,
2026-06-06 13:48:14,295821,480元票,480,售罄,无响应,
2026-06-06 13:48:14,295821,380元票,380,售罄,无响应,
2026-06-06 13:48:14,295821,280元票,280,售罄,无响应,
2026-06-06 13:48:18,295821,880元票,880,售罄,无响应,
2026-06-06 13:48:18,295821,780元票,780,售罄,无响应,
2026-06-06 13:48:18,295821,580元票,580,售罄,无响应,
2026-06-06 13:48:18,295821,480元票,480,售罄,无响应,
2026-06-06 13:48:18,295821,380元票,380,售罄,无响应,
2026-06-06 13:48:18,295821,280元票,280,售罄,无响应,
2026-06-06 13:48:23,295821,880元票,880,售罄,无响应,
2026-06-06 13:48:23,295821,780元票,780,售罄,无响应,
2026-06-06 13:48:23,295821,580元票,580,售罄,无响应,
2026-06-06 13:48:23,295821,480元票,480,售罄,无响应,
2026-06-06 13:48:23,295821,380元票,380,售罄,无响应,
2026-06-06 13:48:23,295821,280元票,280,售罄,无响应,
2026-06-06 13:48:27,295821,880元票,880,售罄,无响应,
2026-06-06 13:48:27,295821,780元票,780,售罄,无响应,
2026-06-06 13:48:27,295821,580元票,580,售罄,无响应,
2026-06-06 13:48:27,295821,480元票,480,售罄,无响应,
2026-06-06 13:48:27,295821,380元票,380,售罄,无响应,
2026-06-06 13:48:27,295821,280元票,280,售罄,无响应,
2026-06-06 13:48:31,295821,880元票,880,售罄,无响应,
2026-06-06 13:48:31,295821,780元票,780,售罄,无响应,
2026-06-06 13:48:31,295821,580元票,580,售罄,无响应,
2026-06-06 13:48:31,295821,480元票,480,售罄,无响应,
2026-06-06 13:48:31,295821,380元票,380,售罄,无响应,
2026-06-06 13:48:31,295821,280元票,280,售罄,无响应,
2026-06-06 13:48:36,295821,880元票,880,售罄,无响应,
2026-06-06 13:48:36,295821,780元票,780,售罄,无响应,
2026-06-06 13:48:36,295821,580元票,580,售罄,无响应,
2026-06-06 13:48:36,295821,480元票,480,售罄,无响应,
2026-06-06 13:48:36,295821,380元票,380,售罄,无响应,
2026-06-06 13:48:36,295821,280元票,280,售罄,无响应,
2026-06-06 13:48:40,295821,880元票,880,售罄,无响应,
2026-06-06 13:48:40,295821,780元票,780,售罄,无响应,
2026-06-06 13:48:40,295821,580元票,580,售罄,无响应,
2026-06-06 13:48:40,295821,480元票,480,售罄,无响应,
2026-06-06 13:48:40,295821,380元票,380,售罄,无响应,
2026-06-06 13:48:40,295821,280元票,280,售罄,无响应,
2026-06-06 13:48:45,295821,880元票,880,售罄,无响应,
2026-06-06 13:48:45,295821,780元票,780,售罄,无响应,
2026-06-06 13:48:45,295821,580元票,580,售罄,无响应,
2026-06-06 13:48:45,295821,480元票,480,售罄,无响应,
2026-06-06 13:48:45,295821,380元票,380,售罄,无响应,
2026-06-06 13:48:45,295821,280元票,280,售罄,无响应,
2026-06-06 13:48:49,295821,880元票,880,售罄,无响应,
2026-06-06 13:48:49,295821,780元票,780,售罄,无响应,
2026-06-06 13:48:49,295821,580元票,580,售罄,无响应,
2026-06-06 13:48:49,295821,480元票,480,售罄,无响应,
2026-06-06 13:48:49,295821,380元票,380,售罄,无响应,
2026-06-06 13:48:49,295821,280元票,280,售罄,无响应,
2026-06-06 13:48:53,295821,880元票,880,售罄,无响应,
2026-06-06 13:48:53,295821,780元票,780,售罄,无响应,
2026-06-06 13:48:53,295821,580元票,580,售罄,无响应,
2026-06-06 13:48:53,295821,480元票,480,售罄,无响应,
2026-06-06 13:48:53,295821,380元票,380,售罄,无响应,
2026-06-06 13:48:53,295821,280元票,280,售罄,无响应,
2026-06-06 13:48:58,295821,880元票,880,售罄,无响应,
2026-06-06 13:48:58,295821,780元票,780,售罄,无响应,
2026-06-06 13:48:58,295821,580元票,580,售罄,无响应,
2026-06-06 13:48:58,295821,480元票,480,售罄,无响应,
2026-06-06 13:48:58,295821,380元票,380,售罄,无响应,
2026-06-06 13:48:58,295821,280元票,280,售罄,无响应,
2026-06-06 13:49:02,295821,880元票,880,售罄,无响应,
2026-06-06 13:49:02,295821,780元票,780,售罄,无响应,
2026-06-06 13:49:02,295821,580元票,580,售罄,无响应,
2026-06-06 13:49:02,295821,480元票,480,售罄,无响应,
2026-06-06 13:49:02,295821,380元票,380,售罄,无响应,
2026-06-06 13:49:02,295821,280元票,280,售罄,无响应,
2026-06-06 13:49:07,295821,880元票,880,售罄,无响应,
2026-06-06 13:49:07,295821,780元票,780,售罄,无响应,
2026-06-06 13:49:07,295821,580元票,580,售罄,无响应,
2026-06-06 13:49:07,295821,480元票,480,售罄,无响应,
2026-06-06 13:49:07,295821,380元票,380,售罄,无响应,
2026-06-06 13:49:07,295821,280元票,280,售罄,无响应,
2026-06-06 13:49:11,295821,880元票,880,售罄,无响应,
2026-06-06 13:49:11,295821,780元票,780,售罄,无响应,
2026-06-06 13:49:11,295821,580元票,580,售罄,无响应,
2026-06-06 13:49:11,295821,480元票,480,售罄,无响应,
2026-06-06 13:49:11,295821,380元票,380,售罄,无响应,
2026-06-06 13:49:11,295821,280元票,280,售罄,无响应,
2026-06-06 13:49:15,295821,880元票,880,售罄,无响应,
2026-06-06 13:49:15,295821,780元票,780,售罄,无响应,
2026-06-06 13:49:15,295821,580元票,580,售罄,无响应,
2026-06-06 13:49:15,295821,480元票,480,售罄,无响应,
2026-06-06 13:49:15,295821,380元票,380,售罄,无响应,
2026-06-06 13:49:15,295821,280元票,280,售罄,无响应,
2026-06-06 13:49:20,295821,880元票,880,售罄,无响应,
2026-06-06 13:49:20,295821,780元票,780,售罄,无响应,
2026-06-06 13:49:20,295821,580元票,580,售罄,无响应,
2026-06-06 13:49:20,295821,480元票,480,售罄,无响应,
2026-06-06 13:49:20,295821,380元票,380,售罄,无响应,
2026-06-06 13:49:20,295821,280元票,280,售罄,无响应,
2026-06-06 13:49:24,295821,880元票,880,售罄,无响应,
2026-06-06 13:49:24,295821,780元票,780,售罄,无响应,
2026-06-06 13:49:24,295821,580元票,580,售罄,无响应,
2026-06-06 13:49:24,295821,480元票,480,售罄,无响应,
2026-06-06 13:49:24,295821,380元票,380,售罄,无响应,
2026-06-06 13:49:24,295821,280元票,280,售罄,无响应,
2026-06-06 13:49:29,295821,880元票,880,售罄,无响应,
2026-06-06 13:49:29,295821,780元票,780,售罄,无响应,
2026-06-06 13:49:29,295821,580元票,580,售罄,无响应,
2026-06-06 13:49:29,295821,480元票,480,售罄,无响应,
2026-06-06 13:49:29,295821,380元票,380,售罄,无响应,
2026-06-06 13:49:29,295821,280元票,280,售罄,无响应,
2026-06-06 13:49:33,295821,880元票,880,售罄,无响应,
2026-06-06 13:49:33,295821,780元票,780,售罄,无响应,
2026-06-06 13:49:33,295821,580元票,580,售罄,无响应,
2026-06-06 13:49:33,295821,480元票,480,售罄,无响应,
2026-06-06 13:49:33,295821,380元票,380,售罄,无响应,
2026-06-06 13:49:33,295821,280元票,280,售罄,无响应,
2026-06-06 13:49:37,295821,880元票,880,售罄,无响应,
2026-06-06 13:49:37,295821,780元票,780,售罄,无响应,
2026-06-06 13:49:37,295821,580元票,580,售罄,无响应,
2026-06-06 13:49:37,295821,480元票,480,售罄,无响应,
2026-06-06 13:49:37,295821,380元票,380,售罄,无响应,
2026-06-06 13:49:37,295821,280元票,280,售罄,无响应,
2026-06-06 13:49:44,295821,880元票,880,售罄,无响应,
2026-06-06 13:49:44,295821,780元票,780,售罄,无响应,
2026-06-06 13:49:44,295821,580元票,580,售罄,无响应,
2026-06-06 13:49:44,295821,480元票,480,售罄,无响应,
2026-06-06 13:49:44,295821,380元票,380,售罄,无响应,
2026-06-06 13:49:44,295821,280元票,280,售罄,无响应,
2026-06-06 13:49:49,295821,880元票,880,售罄,无响应,
2026-06-06 13:49:49,295821,780元票,780,售罄,无响应,
2026-06-06 13:49:49,295821,580元票,580,售罄,无响应,
2026-06-06 13:49:49,295821,480元票,480,售罄,无响应,
2026-06-06 13:49:49,295821,380元票,380,售罄,无响应,
2026-06-06 13:49:49,295821,280元票,280,售罄,无响应,
2026-06-06 13:49:53,295821,880元票,880,售罄,无响应,
2026-06-06 13:49:53,295821,780元票,780,售罄,无响应,
2026-06-06 13:49:53,295821,580元票,580,售罄,无响应,
2026-06-06 13:49:53,295821,480元票,480,售罄,无响应,
2026-06-06 13:49:53,295821,380元票,380,售罄,无响应,
2026-06-06 13:49:53,295821,280元票,280,售罄,无响应,
2026-06-06 13:49:58,295821,880元票,880,售罄,无响应,
2026-06-06 13:49:58,295821,780元票,780,售罄,无响应,
2026-06-06 13:49:58,295821,580元票,580,售罄,无响应,
2026-06-06 13:49:58,295821,480元票,480,售罄,无响应,
2026-06-06 13:49:58,295821,380元票,380,售罄,无响应,
2026-06-06 13:49:58,295821,280元票,280,售罄,无响应,
2026-06-06 13:50:02,295821,880元票,880,售罄,无响应,
2026-06-06 13:50:02,295821,780元票,780,售罄,无响应,
2026-06-06 13:50:02,295821,580元票,580,售罄,无响应,
2026-06-06 13:50:02,295821,480元票,480,售罄,无响应,
2026-06-06 13:50:02,295821,380元票,380,售罄,无响应,
2026-06-06 13:50:02,295821,280元票,280,售罄,无响应,
2026-06-06 13:50:07,295821,880元票,880,售罄,无响应,
2026-06-06 13:50:07,295821,780元票,780,售罄,无响应,
2026-06-06 13:50:07,295821,580元票,580,售罄,无响应,
2026-06-06 13:50:07,295821,480元票,480,售罄,无响应,
2026-06-06 13:50:07,295821,380元票,380,售罄,无响应,
2026-06-06 13:50:07,295821,280元票,280,售罄,无响应,
2026-06-06 13:50:11,295821,880元票,880,售罄,无响应,
2026-06-06 13:50:11,295821,780元票,780,售罄,无响应,
2026-06-06 13:50:11,295821,580元票,580,售罄,无响应,
2026-06-06 13:50:11,295821,480元票,480,售罄,无响应,
2026-06-06 13:50:11,295821,380元票,380,售罄,无响应,
2026-06-06 13:50:11,295821,280元票,280,售罄,无响应,
2026-06-06 13:50:16,295821,880元票,880,售罄,无响应,
2026-06-06 13:50:16,295821,780元票,780,售罄,无响应,
2026-06-06 13:50:16,295821,580元票,580,售罄,无响应,
2026-06-06 13:50:16,295821,480元票,480,售罄,无响应,
2026-06-06 13:50:16,295821,380元票,380,售罄,无响应,
2026-06-06 13:50:16,295821,280元票,280,售罄,无响应,
2026-06-06 13:50:20,295821,880元票,880,售罄,无响应,
2026-06-06 13:50:20,295821,780元票,780,售罄,无响应,
2026-06-06 13:50:20,295821,580元票,580,售罄,无响应,
2026-06-06 13:50:20,295821,480元票,480,售罄,无响应,
2026-06-06 13:50:20,295821,380元票,380,售罄,无响应,
2026-06-06 13:50:20,295821,280元票,280,售罄,无响应,
2026-06-06 13:50:25,295821,880元票,880,售罄,无响应,
2026-06-06 13:50:25,295821,780元票,780,售罄,无响应,
2026-06-06 13:50:25,295821,580元票,580,售罄,无响应,
2026-06-06 13:50:25,295821,480元票,480,售罄,无响应,
2026-06-06 13:50:25,295821,380元票,380,售罄,无响应,
2026-06-06 13:50:25,295821,280元票,280,售罄,无响应,
2026-06-06 13:50:29,295821,880元票,880,售罄,无响应,
2026-06-06 13:50:29,295821,780元票,780,售罄,无响应,
2026-06-06 13:50:29,295821,580元票,580,售罄,无响应,
2026-06-06 13:50:29,295821,480元票,480,售罄,无响应,
2026-06-06 13:50:29,295821,380元票,380,售罄,无响应,
2026-06-06 13:50:29,295821,280元票,280,售罄,无响应,
2026-06-06 13:50:33,295821,880元票,880,售罄,无响应,
2026-06-06 13:50:33,295821,780元票,780,售罄,无响应,
2026-06-06 13:50:33,295821,580元票,580,售罄,无响应,
2026-06-06 13:50:33,295821,480元票,480,售罄,无响应,
2026-06-06 13:50:33,295821,380元票,380,售罄,无响应,
2026-06-06 13:50:33,295821,280元票,280,售罄,无响应,
2026-06-06 13:50:38,295821,880元票,880,售罄,无响应,
2026-06-06 13:50:38,295821,780元票,780,售罄,无响应,
2026-06-06 13:50:38,295821,580元票,580,售罄,无响应,
2026-06-06 13:50:38,295821,480元票,480,售罄,无响应,
2026-06-06 13:50:38,295821,380元票,380,售罄,无响应,
2026-06-06 13:50:38,295821,280元票,280,售罄,无响应,
2026-06-06 13:50:42,295821,880元票,880,售罄,无响应,
2026-06-06 13:50:42,295821,780元票,780,售罄,无响应,
2026-06-06 13:50:42,295821,580元票,580,售罄,无响应,
2026-06-06 13:50:42,295821,480元票,480,售罄,无响应,
2026-06-06 13:50:42,295821,380元票,380,售罄,无响应,
2026-06-06 13:50:42,295821,280元票,280,售罄,无响应,
2026-06-06 13:50:47,295821,880元票,880,售罄,无响应,
2026-06-06 13:50:47,295821,780元票,780,售罄,无响应,
2026-06-06 13:50:47,295821,580元票,580,售罄,无响应,
2026-06-06 13:50:47,295821,480元票,480,售罄,无响应,
2026-06-06 13:50:47,295821,380元票,380,售罄,无响应,
2026-06-06 13:50:47,295821,280元票,280,售罄,无响应,
2026-06-06 13:50:51,295821,880元票,880,售罄,无响应,
2026-06-06 13:50:51,295821,780元票,780,售罄,无响应,
2026-06-06 13:50:51,295821,580元票,580,售罄,无响应,
2026-06-06 13:50:51,295821,480元票,480,售罄,无响应,
2026-06-06 13:50:51,295821,380元票,380,售罄,无响应,
2026-06-06 13:50:51,295821,280元票,280,售罄,无响应,
2026-06-06 13:50:56,295821,880元票,880,售罄,无响应,
2026-06-06 13:50:56,295821,780元票,780,售罄,无响应,
2026-06-06 13:50:56,295821,580元票,580,售罄,无响应,
2026-06-06 13:50:56,295821,480元票,480,售罄,无响应,
2026-06-06 13:50:56,295821,380元票,380,售罄,无响应,
2026-06-06 13:50:56,295821,280元票,280,售罄,无响应,
2026-06-06 13:51:00,295821,880元票,880,售罄,无响应,
2026-06-06 13:51:00,295821,780元票,780,售罄,无响应,
2026-06-06 13:51:00,295821,580元票,580,售罄,无响应,
2026-06-06 13:51:00,295821,480元票,480,售罄,无响应,
2026-06-06 13:51:00,295821,380元票,380,售罄,无响应,
2026-06-06 13:51:00,295821,280元票,280,售罄,无响应,
2026-06-06 13:51:05,295821,880元票,880,售罄,无响应,
2026-06-06 13:51:05,295821,780元票,780,售罄,无响应,
2026-06-06 13:51:05,295821,580元票,580,售罄,无响应,
2026-06-06 13:51:05,295821,480元票,480,售罄,无响应,
2026-06-06 13:51:05,295821,380元票,380,售罄,无响应,
2026-06-06 13:51:05,295821,280元票,280,售罄,无响应,
2026-06-06 13:51:09,295821,880元票,880,售罄,无响应,
2026-06-06 13:51:09,295821,780元票,780,售罄,无响应,
2026-06-06 13:51:09,295821,580元票,580,售罄,无响应,
2026-06-06 13:51:09,295821,480元票,480,售罄,无响应,
2026-06-06 13:51:09,295821,380元票,380,售罄,无响应,
2026-06-06 13:51:09,295821,280元票,280,售罄,无响应,
2026-06-06 13:51:14,295821,880元票,880,售罄,无响应,
2026-06-06 13:51:14,295821,780元票,780,售罄,无响应,
2026-06-06 13:51:14,295821,580元票,580,售罄,无响应,
2026-06-06 13:51:14,295821,480元票,480,售罄,无响应,
2026-06-06 13:51:14,295821,380元票,380,售罄,无响应,
2026-06-06 13:51:14,295821,280元票,280,售罄,无响应,
2026-06-06 13:51:18,295821,880元票,880,售罄,无响应,
2026-06-06 13:51:18,295821,780元票,780,售罄,无响应,
2026-06-06 13:51:18,295821,580元票,580,售罄,无响应,
2026-06-06 13:51:18,295821,480元票,480,售罄,无响应,
2026-06-06 13:51:18,295821,380元票,380,售罄,无响应,
2026-06-06 13:51:18,295821,280元票,280,售罄,无响应,
2026-06-06 13:51:23,295821,880元票,880,售罄,无响应,
2026-06-06 13:51:23,295821,780元票,780,售罄,无响应,
2026-06-06 13:51:23,295821,580元票,580,售罄,无响应,
2026-06-06 13:51:23,295821,480元票,480,售罄,无响应,
2026-06-06 13:51:23,295821,380元票,380,售罄,无响应,
2026-06-06 13:51:23,295821,280元票,280,售罄,无响应,
2026-06-06 13:51:27,295821,880元票,880,售罄,无响应,
2026-06-06 13:51:27,295821,780元票,780,售罄,无响应,
2026-06-06 13:51:27,295821,580元票,580,售罄,无响应,
2026-06-06 13:51:27,295821,480元票,480,售罄,无响应,
2026-06-06 13:51:27,295821,380元票,380,售罄,无响应,
2026-06-06 13:51:27,295821,280元票,280,售罄,无响应,
2026-06-06 13:51:31,295821,880元票,880,售罄,无响应,
2026-06-06 13:51:31,295821,780元票,780,售罄,无响应,
2026-06-06 13:51:31,295821,580元票,580,售罄,无响应,
2026-06-06 13:51:31,295821,480元票,480,售罄,无响应,
2026-06-06 13:51:31,295821,380元票,380,售罄,无响应,
2026-06-06 13:51:31,295821,280元票,280,售罄,无响应,
2026-06-06 13:51:36,295821,880元票,880,售罄,无响应,
2026-06-06 13:51:36,295821,780元票,780,售罄,无响应,
2026-06-06 13:51:36,295821,580元票,580,售罄,无响应,
2026-06-06 13:51:36,295821,480元票,480,售罄,无响应,
2026-06-06 13:51:36,295821,380元票,380,售罄,无响应,
2026-06-06 13:51:36,295821,280元票,280,售罄,无响应,
2026-06-06 13:51:40,295821,880元票,880,售罄,无响应,
2026-06-06 13:51:40,295821,780元票,780,售罄,无响应,
2026-06-06 13:51:40,295821,580元票,580,售罄,无响应,
2026-06-06 13:51:40,295821,480元票,480,售罄,无响应,
2026-06-06 13:51:40,295821,380元票,380,售罄,无响应,
2026-06-06 13:51:40,295821,280元票,280,售罄,无响应,
2026-06-06 13:51:45,295821,880元票,880,售罄,无响应,
2026-06-06 13:51:45,295821,780元票,780,售罄,无响应,
2026-06-06 13:51:45,295821,580元票,580,售罄,无响应,
2026-06-06 13:51:45,295821,480元票,480,售罄,无响应,
2026-06-06 13:51:45,295821,380元票,380,售罄,无响应,
2026-06-06 13:51:45,295821,280元票,280,售罄,无响应,
2026-06-06 13:51:49,295821,880元票,880,售罄,无响应,
2026-06-06 13:51:49,295821,780元票,780,售罄,无响应,
2026-06-06 13:51:49,295821,580元票,580,售罄,无响应,
2026-06-06 13:51:49,295821,480元票,480,售罄,无响应,
2026-06-06 13:51:49,295821,380元票,380,售罄,无响应,
2026-06-06 13:51:49,295821,280元票,280,售罄,无响应,
2026-06-06 13:51:53,295821,880元票,880,售罄,无响应,
2026-06-06 13:51:53,295821,780元票,780,售罄,无响应,
2026-06-06 13:51:53,295821,580元票,580,售罄,无响应,
2026-06-06 13:51:53,295821,480元票,480,售罄,无响应,
2026-06-06 13:51:53,295821,380元票,380,售罄,无响应,
2026-06-06 13:51:53,295821,280元票,280,售罄,无响应,
2026-06-06 13:51:58,295821,880元票,880,售罄,无响应,
2026-06-06 13:51:58,295821,780元票,780,售罄,无响应,
2026-06-06 13:51:58,295821,580元票,580,售罄,无响应,
2026-06-06 13:51:58,295821,480元票,480,售罄,无响应,
2026-06-06 13:51:58,295821,380元票,380,售罄,无响应,
2026-06-06 13:51:58,295821,280元票,280,售罄,无响应,
2026-06-06 13:52:02,295821,880元票,880,售罄,无响应,
2026-06-06 13:52:02,295821,780元票,780,售罄,无响应,
2026-06-06 13:52:02,295821,580元票,580,售罄,无响应,
2026-06-06 13:52:02,295821,480元票,480,售罄,无响应,
2026-06-06 13:52:02,295821,380元票,380,售罄,无响应,
2026-06-06 13:52:02,295821,280元票,280,售罄,无响应,
2026-06-06 13:52:06,295821,880元票,880,售罄,无响应,
2026-06-06 13:52:06,295821,780元票,780,售罄,无响应,
2026-06-06 13:52:06,295821,580元票,580,售罄,无响应,
2026-06-06 13:52:06,295821,480元票,480,售罄,无响应,
2026-06-06 13:52:06,295821,380元票,380,售罄,无响应,
2026-06-06 13:52:06,295821,280元票,280,售罄,无响应,
2026-06-06 13:52:11,295821,880元票,880,售罄,无响应,
2026-06-06 13:52:11,295821,780元票,780,售罄,无响应,
2026-06-06 13:52:11,295821,580元票,580,售罄,无响应,
2026-06-06 13:52:11,295821,480元票,480,售罄,无响应,
2026-06-06 13:52:11,295821,380元票,380,售罄,无响应,
2026-06-06 13:52:11,295821,280元票,280,售罄,无响应,
2026-06-06 13:52:15,295821,880元票,880,售罄,无响应,
2026-06-06 13:52:15,295821,780元票,780,售罄,无响应,
2026-06-06 13:52:15,295821,580元票,580,售罄,无响应,
2026-06-06 13:52:15,295821,480元票,480,售罄,无响应,
2026-06-06 13:52:15,295821,380元票,380,售罄,无响应,
2026-06-06 13:52:15,295821,280元票,280,售罄,无响应,
2026-06-06 13:52:20,295821,880元票,880,售罄,无响应,
2026-06-06 13:52:20,295821,780元票,780,售罄,无响应,
2026-06-06 13:52:20,295821,580元票,580,售罄,无响应,
2026-06-06 13:52:20,295821,480元票,480,售罄,无响应,
2026-06-06 13:52:20,295821,380元票,380,售罄,无响应,
2026-06-06 13:52:20,295821,280元票,280,售罄,无响应,
2026-06-06 13:52:24,295821,880元票,880,售罄,无响应,
2026-06-06 13:52:24,295821,780元票,780,售罄,无响应,
2026-06-06 13:52:24,295821,580元票,580,售罄,无响应,
2026-06-06 13:52:24,295821,480元票,480,售罄,无响应,
2026-06-06 13:52:24,295821,380元票,380,售罄,无响应,
2026-06-06 13:52:24,295821,280元票,280,售罄,无响应,
2026-06-06 13:52:28,295821,880元票,880,售罄,无响应,
2026-06-06 13:52:28,295821,780元票,780,售罄,无响应,
2026-06-06 13:52:28,295821,580元票,580,售罄,无响应,
2026-06-06 13:52:28,295821,480元票,480,售罄,无响应,
2026-06-06 13:52:28,295821,380元票,380,售罄,无响应,
2026-06-06 13:52:28,295821,280元票,280,售罄,无响应,
2026-06-06 13:52:33,295821,880元票,880,售罄,无响应,
2026-06-06 13:52:33,295821,780元票,780,售罄,无响应,
2026-06-06 13:52:33,295821,580元票,580,售罄,无响应,
2026-06-06 13:52:33,295821,480元票,480,售罄,无响应,
2026-06-06 13:52:33,295821,380元票,380,售罄,无响应,
2026-06-06 13:52:33,295821,280元票,280,售罄,无响应,
2026-06-06 13:52:37,295821,880元票,880,售罄,无响应,
2026-06-06 13:52:37,295821,780元票,780,售罄,无响应,
2026-06-06 13:52:37,295821,580元票,580,售罄,无响应,
2026-06-06 13:52:37,295821,480元票,480,售罄,无响应,
2026-06-06 13:52:37,295821,380元票,380,售罄,无响应,
2026-06-06 13:52:37,295821,280元票,280,售罄,无响应,
2026-06-06 13:52:41,295821,880元票,880,售罄,无响应,
2026-06-06 13:52:41,295821,780元票,780,售罄,无响应,
2026-06-06 13:52:41,295821,580元票,580,售罄,无响应,
2026-06-06 13:52:41,295821,480元票,480,售罄,无响应,
2026-06-06 13:52:41,295821,380元票,380,售罄,无响应,
2026-06-06 13:52:41,295821,280元票,280,售罄,无响应,
2026-06-06 13:52:46,295821,880元票,880,售罄,无响应,
2026-06-06 13:52:46,295821,780元票,780,售罄,无响应,
2026-06-06 13:52:46,295821,580元票,580,售罄,无响应,
2026-06-06 13:52:46,295821,480元票,480,售罄,无响应,
2026-06-06 13:52:46,295821,380元票,380,售罄,无响应,
2026-06-06 13:52:46,295821,280元票,280,售罄,无响应,
2026-06-06 13:52:50,295821,880元票,880,售罄,无响应,
2026-06-06 13:52:50,295821,780元票,780,售罄,无响应,
2026-06-06 13:52:50,295821,580元票,580,售罄,无响应,
2026-06-06 13:52:50,295821,480元票,480,售罄,无响应,
2026-06-06 13:52:50,295821,380元票,380,售罄,无响应,
2026-06-06 13:52:50,295821,280元票,280,售罄,无响应,
2026-06-06 13:52:54,295821,880元票,880,售罄,无响应,
2026-06-06 13:52:54,295821,780元票,780,售罄,无响应,
2026-06-06 13:52:54,295821,580元票,580,售罄,无响应,
2026-06-06 13:52:54,295821,480元票,480,售罄,无响应,
2026-06-06 13:52:54,295821,380元票,380,售罄,无响应,
2026-06-06 13:52:54,295821,280元票,280,售罄,无响应,
2026-06-06 13:52:59,295821,880元票,880,售罄,无响应,
2026-06-06 13:52:59,295821,780元票,780,售罄,无响应,
2026-06-06 13:52:59,295821,580元票,580,售罄,无响应,
2026-06-06 13:52:59,295821,480元票,480,售罄,无响应,
2026-06-06 13:52:59,295821,380元票,380,售罄,无响应,
2026-06-06 13:52:59,295821,280元票,280,售罄,无响应,
2026-06-06 13:53:03,295821,880元票,880,售罄,无响应,
2026-06-06 13:53:03,295821,780元票,780,售罄,无响应,
2026-06-06 13:53:03,295821,580元票,580,售罄,无响应,
2026-06-06 13:53:03,295821,480元票,480,售罄,无响应,
2026-06-06 13:53:03,295821,380元票,380,售罄,无响应,
2026-06-06 13:53:03,295821,280元票,280,售罄,无响应,
2026-06-06 13:53:07,295821,880元票,880,售罄,无响应,
2026-06-06 13:53:07,295821,780元票,780,售罄,无响应,
2026-06-06 13:53:07,295821,580元票,580,售罄,无响应,
2026-06-06 13:53:07,295821,480元票,480,售罄,无响应,
2026-06-06 13:53:07,295821,380元票,380,售罄,无响应,
2026-06-06 13:53:07,295821,280元票,280,售罄,无响应,
2026-06-06 13:53:12,295821,880元票,880,售罄,无响应,
2026-06-06 13:53:12,295821,780元票,780,售罄,无响应,
2026-06-06 13:53:12,295821,580元票,580,售罄,无响应,
2026-06-06 13:53:12,295821,480元票,480,售罄,无响应,
2026-06-06 13:53:12,295821,380元票,380,售罄,无响应,
2026-06-06 13:53:12,295821,280元票,280,售罄,无响应,
2026-06-06 13:53:16,295821,880元票,880,售罄,无响应,
2026-06-06 13:53:16,295821,780元票,780,售罄,无响应,
2026-06-06 13:53:16,295821,580元票,580,售罄,无响应,
2026-06-06 13:53:16,295821,480元票,480,售罄,无响应,
2026-06-06 13:53:16,295821,380元票,380,售罄,无响应,
2026-06-06 13:53:16,295821,280元票,280,售罄,无响应,
2026-06-06 13:53:21,295821,880元票,880,售罄,无响应,
2026-06-06 13:53:21,295821,780元票,780,售罄,无响应,
2026-06-06 13:53:21,295821,580元票,580,售罄,无响应,
2026-06-06 13:53:21,295821,480元票,480,售罄,无响应,
2026-06-06 13:53:21,295821,380元票,380,售罄,无响应,
2026-06-06 13:53:21,295821,280元票,280,售罄,无响应,
2026-06-06 13:53:25,295821,880元票,880,售罄,无响应,
2026-06-06 13:53:25,295821,780元票,780,售罄,无响应,
2026-06-06 13:53:25,295821,580元票,580,售罄,无响应,
2026-06-06 13:53:25,295821,480元票,480,售罄,无响应,
2026-06-06 13:53:25,295821,380元票,380,售罄,无响应,
2026-06-06 13:53:25,295821,280元票,280,售罄,无响应,
2026-06-06 13:53:29,295821,880元票,880,售罄,无响应,
2026-06-06 13:53:29,295821,780元票,780,售罄,无响应,
2026-06-06 13:53:29,295821,580元票,580,售罄,无响应,
2026-06-06 13:53:29,295821,480元票,480,售罄,无响应,
2026-06-06 13:53:29,295821,380元票,380,售罄,无响应,
2026-06-06 13:53:29,295821,280元票,280,售罄,无响应,
2026-06-06 13:53:34,295821,880元票,880,售罄,无响应,
2026-06-06 13:53:34,295821,780元票,780,售罄,无响应,
2026-06-06 13:53:34,295821,580元票,580,售罄,无响应,
2026-06-06 13:53:34,295821,480元票,480,售罄,无响应,
2026-06-06 13:53:34,295821,380元票,380,售罄,无响应,
2026-06-06 13:53:34,295821,280元票,280,售罄,无响应,
2026-06-06 13:53:38,295821,880元票,880,售罄,无响应,
2026-06-06 13:53:38,295821,780元票,780,售罄,无响应,
2026-06-06 13:53:38,295821,580元票,580,售罄,无响应,
2026-06-06 13:53:38,295821,480元票,480,售罄,无响应,
2026-06-06 13:53:38,295821,380元票,380,售罄,无响应,
2026-06-06 13:53:38,295821,280元票,280,售罄,无响应,
2026-06-06 13:53:42,295821,880元票,880,售罄,无响应,
2026-06-06 13:53:42,295821,780元票,780,售罄,无响应,
2026-06-06 13:53:42,295821,580元票,580,售罄,无响应,
2026-06-06 13:53:42,295821,480元票,480,售罄,无响应,
2026-06-06 13:53:42,295821,380元票,380,售罄,无响应,
2026-06-06 13:53:42,295821,280元票,280,售罄,无响应,
2026-06-06 13:53:47,295821,880元票,880,售罄,无响应,
2026-06-06 13:53:47,295821,780元票,780,售罄,无响应,
2026-06-06 13:53:47,295821,580元票,580,售罄,无响应,
2026-06-06 13:53:47,295821,480元票,480,售罄,无响应,
2026-06-06 13:53:47,295821,380元票,380,售罄,无响应,
2026-06-06 13:53:47,295821,280元票,280,售罄,无响应,
2026-06-06 13:53:51,295821,880元票,880,售罄,无响应,
2026-06-06 13:53:51,295821,780元票,780,售罄,无响应,
2026-06-06 13:53:51,295821,580元票,580,售罄,无响应,
2026-06-06 13:53:51,295821,480元票,480,售罄,无响应,
2026-06-06 13:53:51,295821,380元票,380,售罄,无响应,
2026-06-06 13:53:51,295821,280元票,280,售罄,无响应,
2026-06-06 13:53:56,295821,880元票,880,售罄,无响应,
2026-06-06 13:53:56,295821,780元票,780,售罄,无响应,
2026-06-06 13:53:56,295821,580元票,580,售罄,无响应,
2026-06-06 13:53:56,295821,480元票,480,售罄,无响应,
2026-06-06 13:53:56,295821,380元票,380,售罄,无响应,
2026-06-06 13:53:56,295821,280元票,280,售罄,无响应,
2026-06-06 13:54:00,295821,880元票,880,售罄,无响应,
2026-06-06 13:54:00,295821,780元票,780,售罄,无响应,
2026-06-06 13:54:00,295821,580元票,580,售罄,无响应,
2026-06-06 13:54:00,295821,480元票,480,售罄,无响应,
2026-06-06 13:54:00,295821,380元票,380,售罄,无响应,
2026-06-06 13:54:00,295821,280元票,280,售罄,无响应,
2026-06-06 13:54:05,295821,880元票,880,售罄,无响应,
2026-06-06 13:54:05,295821,780元票,780,售罄,无响应,
2026-06-06 13:54:05,295821,580元票,580,售罄,无响应,
2026-06-06 13:54:05,295821,480元票,480,售罄,无响应,
2026-06-06 13:54:05,295821,380元票,380,售罄,无响应,
2026-06-06 13:54:05,295821,280元票,280,售罄,无响应,
2026-06-06 13:54:10,295821,880元票,880,售罄,无响应,
2026-06-06 13:54:10,295821,780元票,780,售罄,无响应,
2026-06-06 13:54:10,295821,580元票,580,售罄,无响应,
2026-06-06 13:54:10,295821,480元票,480,售罄,无响应,
2026-06-06 13:54:10,295821,380元票,380,售罄,无响应,
2026-06-06 13:54:10,295821,280元票,280,售罄,无响应,
2026-06-06 13:54:14,295821,880元票,880,售罄,无响应,
2026-06-06 13:54:14,295821,780元票,780,售罄,无响应,
2026-06-06 13:54:14,295821,580元票,580,售罄,无响应,
2026-06-06 13:54:14,295821,480元票,480,售罄,无响应,
2026-06-06 13:54:14,295821,380元票,380,售罄,无响应,
2026-06-06 13:54:14,295821,280元票,280,售罄,无响应,
2026-06-06 13:54:19,295821,880元票,880,售罄,无响应,
2026-06-06 13:54:19,295821,780元票,780,售罄,无响应,
2026-06-06 13:54:19,295821,580元票,580,售罄,无响应,
2026-06-06 13:54:19,295821,480元票,480,售罄,无响应,
2026-06-06 13:54:19,295821,380元票,380,售罄,无响应,
2026-06-06 13:54:19,295821,280元票,280,售罄,无响应,
2026-06-06 13:54:23,295821,880元票,880,售罄,无响应,
2026-06-06 13:54:23,295821,780元票,780,售罄,无响应,
2026-06-06 13:54:23,295821,580元票,580,售罄,无响应,
2026-06-06 13:54:23,295821,480元票,480,售罄,无响应,
2026-06-06 13:54:23,295821,380元票,380,售罄,无响应,
2026-06-06 13:54:23,295821,280元票,280,售罄,无响应,
2026-06-06 13:54:27,295821,880元票,880,售罄,无响应,
2026-06-06 13:54:27,295821,780元票,780,售罄,无响应,
2026-06-06 13:54:27,295821,580元票,580,售罄,无响应,
2026-06-06 13:54:27,295821,480元票,480,售罄,无响应,
2026-06-06 13:54:27,295821,380元票,380,售罄,无响应,
2026-06-06 13:54:27,295821,280元票,280,售罄,无响应,
2026-06-06 13:54:32,295821,880元票,880,售罄,无响应,
2026-06-06 13:54:32,295821,780元票,780,售罄,无响应,
2026-06-06 13:54:32,295821,580元票,580,售罄,无响应,
2026-06-06 13:54:32,295821,480元票,480,售罄,无响应,
2026-06-06 13:54:32,295821,380元票,380,售罄,无响应,
2026-06-06 13:54:32,295821,280元票,280,售罄,无响应,
2026-06-06 13:54:36,295821,880元票,880,售罄,无响应,
2026-06-06 13:54:36,295821,780元票,780,售罄,无响应,
2026-06-06 13:54:36,295821,580元票,580,售罄,无响应,
2026-06-06 13:54:36,295821,480元票,480,售罄,无响应,
2026-06-06 13:54:36,295821,380元票,380,售罄,无响应,
2026-06-06 13:54:36,295821,280元票,280,售罄,无响应,
2026-06-06 13:54:40,295821,880元票,880,售罄,无响应,
2026-06-06 13:54:40,295821,780元票,780,售罄,无响应,
2026-06-06 13:54:40,295821,580元票,580,售罄,无响应,
2026-06-06 13:54:40,295821,480元票,480,售罄,无响应,
2026-06-06 13:54:40,295821,380元票,380,售罄,无响应,
2026-06-06 13:54:40,295821,280元票,280,售罄,无响应,
2026-06-06 13:54:48,295821,880元票,880,售罄,无响应,
2026-06-06 13:54:48,295821,780元票,780,售罄,无响应,
2026-06-06 13:54:48,295821,580元票,580,售罄,无响应,
2026-06-06 13:54:48,295821,480元票,480,售罄,无响应,
2026-06-06 13:54:48,295821,380元票,380,售罄,无响应,
2026-06-06 13:54:48,295821,280元票,280,售罄,无响应,
2026-06-06 13:54:52,295821,880元票,880,售罄,无响应,
2026-06-06 13:54:52,295821,780元票,780,售罄,无响应,
2026-06-06 13:54:52,295821,580元票,580,售罄,无响应,
2026-06-06 13:54:52,295821,480元票,480,售罄,无响应,
2026-06-06 13:54:52,295821,380元票,380,售罄,无响应,
2026-06-06 13:54:52,295821,280元票,280,售罄,无响应,
2026-06-06 13:54:57,295821,880元票,880,售罄,无响应,
2026-06-06 13:54:57,295821,780元票,780,售罄,无响应,
2026-06-06 13:54:57,295821,580元票,580,售罄,无响应,
2026-06-06 13:54:57,295821,480元票,480,售罄,无响应,
2026-06-06 13:54:57,295821,380元票,380,售罄,无响应,
2026-06-06 13:54:57,295821,280元票,280,售罄,无响应,
2026-06-06 13:55:01,295821,880元票,880,售罄,无响应,
2026-06-06 13:55:01,295821,780元票,780,售罄,无响应,
2026-06-06 13:55:01,295821,580元票,580,售罄,无响应,
2026-06-06 13:55:01,295821,480元票,480,售罄,无响应,
2026-06-06 13:55:01,295821,380元票,380,售罄,无响应,
2026-06-06 13:55:01,295821,280元票,280,售罄,无响应,
2026-06-06 13:55:05,295821,880元票,880,售罄,无响应,
2026-06-06 13:55:05,295821,780元票,780,售罄,无响应,
2026-06-06 13:55:05,295821,580元票,580,售罄,无响应,
2026-06-06 13:55:05,295821,480元票,480,售罄,无响应,
2026-06-06 13:55:05,295821,380元票,380,售罄,无响应,
2026-06-06 13:55:05,295821,280元票,280,售罄,无响应,
2026-06-06 13:55:10,295821,880元票,880,售罄,无响应,
2026-06-06 13:55:10,295821,780元票,780,售罄,无响应,
2026-06-06 13:55:10,295821,580元票,580,售罄,无响应,
2026-06-06 13:55:10,295821,480元票,480,售罄,无响应,
2026-06-06 13:55:10,295821,380元票,380,售罄,无响应,
2026-06-06 13:55:10,295821,280元票,280,售罄,无响应,
2026-06-06 13:55:14,295821,880元票,880,售罄,无响应,
2026-06-06 13:55:14,295821,780元票,780,售罄,无响应,
2026-06-06 13:55:14,295821,580元票,580,售罄,无响应,
2026-06-06 13:55:14,295821,480元票,480,售罄,无响应,
2026-06-06 13:55:14,295821,380元票,380,售罄,无响应,
2026-06-06 13:55:14,295821,280元票,280,售罄,无响应,
2026-06-06 13:55:18,295821,880元票,880,售罄,无响应,
2026-06-06 13:55:18,295821,780元票,780,售罄,无响应,
2026-06-06 13:55:18,295821,580元票,580,售罄,无响应,
2026-06-06 13:55:18,295821,480元票,480,售罄,无响应,
2026-06-06 13:55:18,295821,380元票,380,售罄,无响应,
2026-06-06 13:55:18,295821,280元票,280,售罄,无响应,
2026-06-06 13:55:23,295821,880元票,880,售罄,无响应,
2026-06-06 13:55:23,295821,780元票,780,售罄,无响应,
2026-06-06 13:55:23,295821,580元票,580,售罄,无响应,
2026-06-06 13:55:23,295821,480元票,480,售罄,无响应,
2026-06-06 13:55:23,295821,380元票,380,售罄,无响应,
2026-06-06 13:55:23,295821,280元票,280,售罄,无响应,
2026-06-06 13:55:27,295821,880元票,880,售罄,无响应,
2026-06-06 13:55:27,295821,780元票,780,售罄,无响应,
2026-06-06 13:55:27,295821,580元票,580,售罄,无响应,
2026-06-06 13:55:27,295821,480元票,480,售罄,无响应,
2026-06-06 13:55:27,295821,380元票,380,售罄,无响应,
2026-06-06 13:55:27,295821,280元票,280,售罄,无响应,
2026-06-06 13:55:32,295821,880元票,880,售罄,无响应,
2026-06-06 13:55:32,295821,780元票,780,售罄,无响应,
2026-06-06 13:55:32,295821,580元票,580,售罄,无响应,
2026-06-06 13:55:32,295821,480元票,480,售罄,无响应,
2026-06-06 13:55:32,295821,380元票,380,售罄,无响应,
2026-06-06 13:55:32,295821,280元票,280,售罄,无响应,
2026-06-06 13:55:36,295821,880元票,880,售罄,无响应,
2026-06-06 13:55:36,295821,780元票,780,售罄,无响应,
2026-06-06 13:55:36,295821,580元票,580,售罄,无响应,
2026-06-06 13:55:36,295821,480元票,480,售罄,无响应,
2026-06-06 13:55:36,295821,380元票,380,售罄,无响应,
2026-06-06 13:55:36,295821,280元票,280,售罄,无响应,
2026-06-06 13:55:40,295821,880元票,880,售罄,无响应,
2026-06-06 13:55:40,295821,780元票,780,售罄,无响应,
2026-06-06 13:55:40,295821,580元票,580,售罄,无响应,
2026-06-06 13:55:40,295821,480元票,480,售罄,无响应,
2026-06-06 13:55:40,295821,380元票,380,售罄,无响应,
2026-06-06 13:55:40,295821,280元票,280,售罄,无响应,
2026-06-06 13:55:45,295821,880元票,880,售罄,无响应,
2026-06-06 13:55:45,295821,780元票,780,售罄,无响应,
2026-06-06 13:55:45,295821,580元票,580,售罄,无响应,
2026-06-06 13:55:45,295821,480元票,480,售罄,无响应,
2026-06-06 13:55:45,295821,380元票,380,售罄,无响应,
2026-06-06 13:55:45,295821,280元票,280,售罄,无响应,
2026-06-06 13:55:49,295821,880元票,880,售罄,无响应,
2026-06-06 13:55:49,295821,780元票,780,售罄,无响应,
2026-06-06 13:55:49,295821,580元票,580,售罄,无响应,
2026-06-06 13:55:49,295821,480元票,480,售罄,无响应,
2026-06-06 13:55:49,295821,380元票,380,售罄,无响应,
2026-06-06 13:55:49,295821,280元票,280,售罄,无响应,
2026-06-06 13:55:53,295821,880元票,880,售罄,无响应,
2026-06-06 13:55:53,295821,780元票,780,售罄,无响应,
2026-06-06 13:55:53,295821,580元票,580,售罄,无响应,
2026-06-06 13:55:53,295821,480元票,480,售罄,无响应,
2026-06-06 13:55:53,295821,380元票,380,售罄,无响应,
2026-06-06 13:55:53,295821,280元票,280,售罄,无响应,
2026-06-06 13:55:58,295821,880元票,880,售罄,无响应,
2026-06-06 13:55:58,295821,780元票,780,售罄,无响应,
2026-06-06 13:55:58,295821,580元票,580,售罄,无响应,
2026-06-06 13:55:58,295821,480元票,480,售罄,无响应,
2026-06-06 13:55:58,295821,380元票,380,售罄,无响应,
2026-06-06 13:55:58,295821,280元票,280,售罄,无响应,
2026-06-06 13:56:02,295821,880元票,880,售罄,无响应,
2026-06-06 13:56:02,295821,780元票,780,售罄,无响应,
2026-06-06 13:56:02,295821,580元票,580,售罄,无响应,
2026-06-06 13:56:02,295821,480元票,480,售罄,无响应,
2026-06-06 13:56:02,295821,380元票,380,售罄,无响应,
2026-06-06 13:56:02,295821,280元票,280,售罄,无响应,
2026-06-06 13:56:07,295821,880元票,880,售罄,无响应,
2026-06-06 13:56:07,295821,780元票,780,售罄,无响应,
2026-06-06 13:56:07,295821,580元票,580,售罄,无响应,
2026-06-06 13:56:07,295821,480元票,480,售罄,无响应,
2026-06-06 13:56:07,295821,380元票,380,售罄,无响应,
2026-06-06 13:56:07,295821,280元票,280,售罄,无响应,
2026-06-06 13:56:11,295821,880元票,880,售罄,无响应,
2026-06-06 13:56:11,295821,780元票,780,售罄,无响应,
2026-06-06 13:56:11,295821,580元票,580,售罄,无响应,
2026-06-06 13:56:11,295821,480元票,480,售罄,无响应,
2026-06-06 13:56:11,295821,380元票,380,售罄,无响应,
2026-06-06 13:56:11,295821,280元票,280,售罄,无响应,
2026-06-06 13:56:16,295821,880元票,880,售罄,无响应,
2026-06-06 13:56:16,295821,780元票,780,售罄,无响应,
2026-06-06 13:56:16,295821,580元票,580,售罄,无响应,
2026-06-06 13:56:16,295821,480元票,480,售罄,无响应,
2026-06-06 13:56:16,295821,380元票,380,售罄,无响应,
2026-06-06 13:56:16,295821,280元票,280,售罄,无响应,
2026-06-06 13:56:20,295821,880元票,880,售罄,无响应,
2026-06-06 13:56:20,295821,780元票,780,售罄,无响应,
2026-06-06 13:56:20,295821,580元票,580,售罄,无响应,
2026-06-06 13:56:20,295821,480元票,480,售罄,无响应,
2026-06-06 13:56:20,295821,380元票,380,售罄,无响应,
2026-06-06 13:56:20,295821,280元票,280,售罄,无响应,
2026-06-06 13:56:24,295821,880元票,880,售罄,无响应,
2026-06-06 13:56:24,295821,780元票,780,售罄,无响应,
2026-06-06 13:56:24,295821,580元票,580,售罄,无响应,
2026-06-06 13:56:24,295821,480元票,480,售罄,无响应,
2026-06-06 13:56:24,295821,380元票,380,售罄,无响应,
2026-06-06 13:56:24,295821,280元票,280,售罄,无响应,
2026-06-06 13:56:29,295821,880元票,880,售罄,无响应,
2026-06-06 13:56:29,295821,780元票,780,售罄,无响应,
2026-06-06 13:56:29,295821,580元票,580,售罄,无响应,
2026-06-06 13:56:29,295821,480元票,480,售罄,无响应,
2026-06-06 13:56:29,295821,380元票,380,售罄,无响应,
2026-06-06 13:56:29,295821,280元票,280,售罄,无响应,
2026-06-06 13:56:33,295821,880元票,880,售罄,无响应,
2026-06-06 13:56:33,295821,780元票,780,售罄,无响应,
2026-06-06 13:56:33,295821,580元票,580,售罄,无响应,
2026-06-06 13:56:33,295821,480元票,480,售罄,无响应,
2026-06-06 13:56:33,295821,380元票,380,售罄,无响应,
2026-06-06 13:56:33,295821,280元票,280,售罄,无响应,
2026-06-06 13:56:38,295821,880元票,880,售罄,无响应,
2026-06-06 13:56:38,295821,780元票,780,售罄,无响应,
2026-06-06 13:56:38,295821,580元票,580,售罄,无响应,
2026-06-06 13:56:38,295821,480元票,480,售罄,无响应,
2026-06-06 13:56:38,295821,380元票,380,售罄,无响应,
2026-06-06 13:56:38,295821,280元票,280,售罄,无响应,
2026-06-06 13:56:43,295821,880元票,880,售罄,无响应,
2026-06-06 13:56:43,295821,780元票,780,售罄,无响应,
2026-06-06 13:56:43,295821,580元票,580,售罄,无响应,
2026-06-06 13:56:43,295821,480元票,480,售罄,无响应,
2026-06-06 13:56:43,295821,380元票,380,售罄,无响应,
2026-06-06 13:56:43,295821,280元票,280,售罄,无响应,
2026-06-06 13:56:48,295821,880元票,880,售罄,无响应,
2026-06-06 13:56:48,295821,780元票,780,售罄,无响应,
2026-06-06 13:56:48,295821,580元票,580,售罄,无响应,
2026-06-06 13:56:48,295821,480元票,480,售罄,无响应,
2026-06-06 13:56:48,295821,380元票,380,售罄,无响应,
2026-06-06 13:56:48,295821,280元票,280,售罄,无响应,
2026-06-06 13:56:52,295821,880元票,880,售罄,无响应,
2026-06-06 13:56:52,295821,780元票,780,售罄,无响应,
2026-06-06 13:56:52,295821,580元票,580,售罄,无响应,
2026-06-06 13:56:52,295821,480元票,480,售罄,无响应,
2026-06-06 13:56:52,295821,380元票,380,售罄,无响应,
2026-06-06 13:56:52,295821,280元票,280,售罄,无响应,
2026-06-06 13:56:56,295821,880元票,880,售罄,无响应,
2026-06-06 13:56:56,295821,780元票,780,售罄,无响应,
2026-06-06 13:56:56,295821,580元票,580,售罄,无响应,
2026-06-06 13:56:56,295821,480元票,480,售罄,无响应,
2026-06-06 13:56:56,295821,380元票,380,售罄,无响应,
2026-06-06 13:56:56,295821,280元票,280,售罄,无响应,
2026-06-06 13:57:01,295821,880元票,880,售罄,无响应,
2026-06-06 13:57:01,295821,780元票,780,售罄,无响应,
2026-06-06 13:57:01,295821,580元票,580,售罄,无响应,
2026-06-06 13:57:01,295821,480元票,480,售罄,无响应,
2026-06-06 13:57:01,295821,380元票,380,售罄,无响应,
2026-06-06 13:57:01,295821,280元票,280,售罄,无响应,
2026-06-06 13:57:05,295821,880元票,880,售罄,无响应,
2026-06-06 13:57:05,295821,780元票,780,售罄,无响应,
2026-06-06 13:57:05,295821,580元票,580,售罄,无响应,
2026-06-06 13:57:05,295821,480元票,480,售罄,无响应,
2026-06-06 13:57:05,295821,380元票,380,售罄,无响应,
2026-06-06 13:57:05,295821,280元票,280,售罄,无响应,
2026-06-06 13:57:10,295821,880元票,880,售罄,无响应,
2026-06-06 13:57:10,295821,780元票,780,售罄,无响应,
2026-06-06 13:57:10,295821,580元票,580,售罄,无响应,
2026-06-06 13:57:10,295821,480元票,480,售罄,无响应,
2026-06-06 13:57:10,295821,380元票,380,售罄,无响应,
2026-06-06 13:57:10,295821,280元票,280,售罄,无响应,
2026-06-06 13:57:14,295821,880元票,880,售罄,无响应,
2026-06-06 13:57:14,295821,780元票,780,售罄,无响应,
2026-06-06 13:57:14,295821,580元票,580,售罄,无响应,
2026-06-06 13:57:14,295821,480元票,480,售罄,无响应,
2026-06-06 13:57:14,295821,380元票,380,售罄,无响应,
2026-06-06 13:57:14,295821,280元票,280,售罄,无响应,
2026-06-06 13:57:18,295821,880元票,880,售罄,无响应,
2026-06-06 13:57:18,295821,780元票,780,售罄,无响应,
2026-06-06 13:57:18,295821,580元票,580,售罄,无响应,
2026-06-06 13:57:18,295821,480元票,480,售罄,无响应,
2026-06-06 13:57:18,295821,380元票,380,售罄,无响应,
2026-06-06 13:57:18,295821,280元票,280,售罄,无响应,
2026-06-06 13:57:23,295821,880元票,880,售罄,无响应,
2026-06-06 13:57:23,295821,780元票,780,售罄,无响应,
2026-06-06 13:57:23,295821,580元票,580,售罄,无响应,
2026-06-06 13:57:23,295821,480元票,480,售罄,无响应,
2026-06-06 13:57:23,295821,380元票,380,售罄,无响应,
2026-06-06 13:57:23,295821,280元票,280,售罄,无响应,
2026-06-06 13:57:27,295821,880元票,880,售罄,无响应,
2026-06-06 13:57:27,295821,780元票,780,售罄,无响应,
2026-06-06 13:57:27,295821,580元票,580,售罄,无响应,
2026-06-06 13:57:27,295821,480元票,480,售罄,无响应,
2026-06-06 13:57:27,295821,380元票,380,售罄,无响应,
2026-06-06 13:57:27,295821,280元票,280,售罄,无响应,
2026-06-06 13:57:31,295821,880元票,880,售罄,无响应,
2026-06-06 13:57:31,295821,780元票,780,售罄,无响应,
2026-06-06 13:57:31,295821,580元票,580,售罄,无响应,
2026-06-06 13:57:31,295821,480元票,480,售罄,无响应,
2026-06-06 13:57:31,295821,380元票,380,售罄,无响应,
2026-06-06 13:57:31,295821,280元票,280,售罄,无响应,
2026-06-06 13:57:36,295821,880元票,880,售罄,无响应,
2026-06-06 13:57:36,295821,780元票,780,售罄,无响应,
2026-06-06 13:57:36,295821,580元票,580,售罄,无响应,
2026-06-06 13:57:36,295821,480元票,480,售罄,无响应,
2026-06-06 13:57:36,295821,380元票,380,售罄,无响应,
2026-06-06 13:57:36,295821,280元票,280,售罄,无响应,
2026-06-06 13:57:40,295821,880元票,880,售罄,无响应,
2026-06-06 13:57:40,295821,780元票,780,售罄,无响应,
2026-06-06 13:57:40,295821,580元票,580,售罄,无响应,
2026-06-06 13:57:40,295821,480元票,480,售罄,无响应,
2026-06-06 13:57:40,295821,380元票,380,售罄,无响应,
2026-06-06 13:57:40,295821,280元票,280,售罄,无响应,
2026-06-06 13:57:45,295821,880元票,880,售罄,无响应,
2026-06-06 13:57:45,295821,780元票,780,售罄,无响应,
2026-06-06 13:57:45,295821,580元票,580,售罄,无响应,
2026-06-06 13:57:45,295821,480元票,480,售罄,无响应,
2026-06-06 13:57:45,295821,380元票,380,售罄,无响应,
2026-06-06 13:57:45,295821,280元票,280,售罄,无响应,
2026-06-06 13:57:49,295821,880元票,880,售罄,无响应,
2026-06-06 13:57:49,295821,780元票,780,售罄,无响应,
2026-06-06 13:57:49,295821,580元票,580,售罄,无响应,
2026-06-06 13:57:49,295821,480元票,480,售罄,无响应,
2026-06-06 13:57:49,295821,380元票,380,售罄,无响应,
2026-06-06 13:57:49,295821,280元票,280,售罄,无响应,
2026-06-06 13:57:53,295821,880元票,880,售罄,无响应,
2026-06-06 13:57:53,295821,780元票,780,售罄,无响应,
2026-06-06 13:57:53,295821,580元票,580,售罄,无响应,
2026-06-06 13:57:53,295821,480元票,480,售罄,无响应,
2026-06-06 13:57:53,295821,380元票,380,售罄,无响应,
2026-06-06 13:57:53,295821,280元票,280,售罄,无响应,
2026-06-06 13:57:58,295821,880元票,880,售罄,无响应,
2026-06-06 13:57:58,295821,780元票,780,售罄,无响应,
2026-06-06 13:57:58,295821,580元票,580,售罄,无响应,
2026-06-06 13:57:58,295821,480元票,480,售罄,无响应,
2026-06-06 13:57:58,295821,380元票,380,售罄,无响应,
2026-06-06 13:57:58,295821,280元票,280,售罄,无响应,
2026-06-06 13:58:02,295821,880元票,880,售罄,无响应,
2026-06-06 13:58:02,295821,780元票,780,售罄,无响应,
2026-06-06 13:58:02,295821,580元票,580,售罄,无响应,
2026-06-06 13:58:02,295821,480元票,480,售罄,无响应,
2026-06-06 13:58:02,295821,380元票,380,售罄,无响应,
2026-06-06 13:58:02,295821,280元票,280,售罄,无响应,
2026-06-06 13:58:07,295821,880元票,880,售罄,无响应,
2026-06-06 13:58:07,295821,780元票,780,售罄,无响应,
2026-06-06 13:58:07,295821,580元票,580,售罄,无响应,
2026-06-06 13:58:07,295821,480元票,480,售罄,无响应,
2026-06-06 13:58:07,295821,380元票,380,售罄,无响应,
2026-06-06 13:58:07,295821,280元票,280,售罄,无响应,
2026-06-06 13:58:11,295821,880元票,880,售罄,无响应,
2026-06-06 13:58:11,295821,780元票,780,售罄,无响应,
2026-06-06 13:58:11,295821,580元票,580,售罄,无响应,
2026-06-06 13:58:11,295821,480元票,480,售罄,无响应,
2026-06-06 13:58:11,295821,380元票,380,售罄,无响应,
2026-06-06 13:58:11,295821,280元票,280,售罄,无响应,
2026-06-06 13:58:16,295821,880元票,880,售罄,无响应,
2026-06-06 13:58:16,295821,780元票,780,售罄,无响应,
2026-06-06 13:58:16,295821,580元票,580,售罄,无响应,
2026-06-06 13:58:16,295821,480元票,480,售罄,无响应,
2026-06-06 13:58:16,295821,380元票,380,售罄,无响应,
2026-06-06 13:58:16,295821,280元票,280,售罄,无响应,
2026-06-06 13:58:20,295821,880元票,880,售罄,无响应,
2026-06-06 13:58:20,295821,780元票,780,售罄,无响应,
2026-06-06 13:58:20,295821,580元票,580,售罄,无响应,
2026-06-06 13:58:20,295821,480元票,480,售罄,无响应,
2026-06-06 13:58:20,295821,380元票,380,售罄,无响应,
2026-06-06 13:58:20,295821,280元票,280,售罄,无响应,
2026-06-06 13:58:24,295821,880元票,880,售罄,无响应,
2026-06-06 13:58:24,295821,780元票,780,售罄,无响应,
2026-06-06 13:58:24,295821,580元票,580,售罄,无响应,
2026-06-06 13:58:24,295821,480元票,480,售罄,无响应,
2026-06-06 13:58:24,295821,380元票,380,售罄,无响应,
2026-06-06 13:58:24,295821,280元票,280,售罄,无响应,
2026-06-06 13:58:29,295821,880元票,880,售罄,无响应,
2026-06-06 13:58:29,295821,780元票,780,售罄,无响应,
2026-06-06 13:58:29,295821,580元票,580,售罄,无响应,
2026-06-06 13:58:29,295821,480元票,480,售罄,无响应,
2026-06-06 13:58:29,295821,380元票,380,售罄,无响应,
2026-06-06 13:58:29,295821,280元票,280,售罄,无响应,
2026-06-06 13:58:33,295821,880元票,880,售罄,无响应,
2026-06-06 13:58:33,295821,780元票,780,售罄,无响应,
2026-06-06 13:58:33,295821,580元票,580,售罄,无响应,
2026-06-06 13:58:33,295821,480元票,480,售罄,无响应,
2026-06-06 13:58:33,295821,380元票,380,售罄,无响应,
2026-06-06 13:58:33,295821,280元票,280,售罄,无响应,
2026-06-06 13:58:37,295821,880元票,880,售罄,无响应,
2026-06-06 13:58:37,295821,780元票,780,售罄,无响应,
2026-06-06 13:58:37,295821,580元票,580,售罄,无响应,
2026-06-06 13:58:37,295821,480元票,480,售罄,无响应,
2026-06-06 13:58:37,295821,380元票,380,售罄,无响应,
2026-06-06 13:58:37,295821,280元票,280,售罄,无响应,
2026-06-06 13:58:42,295821,880元票,880,售罄,无响应,
2026-06-06 13:58:42,295821,780元票,780,售罄,无响应,
2026-06-06 13:58:42,295821,580元票,580,售罄,无响应,
2026-06-06 13:58:42,295821,480元票,480,售罄,无响应,
2026-06-06 13:58:42,295821,380元票,380,售罄,无响应,
2026-06-06 13:58:42,295821,280元票,280,售罄,无响应,
2026-06-06 13:58:46,295821,880元票,880,售罄,无响应,
2026-06-06 13:58:46,295821,780元票,780,售罄,无响应,
2026-06-06 13:58:46,295821,580元票,580,售罄,无响应,
2026-06-06 13:58:46,295821,480元票,480,售罄,无响应,
2026-06-06 13:58:46,295821,380元票,380,售罄,无响应,
2026-06-06 13:58:46,295821,280元票,280,售罄,无响应,
2026-06-06 13:58:51,295821,880元票,880,售罄,无响应,
2026-06-06 13:58:51,295821,780元票,780,售罄,无响应,
2026-06-06 13:58:51,295821,580元票,580,售罄,无响应,
2026-06-06 13:58:51,295821,480元票,480,售罄,无响应,
2026-06-06 13:58:51,295821,380元票,380,售罄,无响应,
2026-06-06 13:58:51,295821,280元票,280,售罄,无响应,
2026-06-06 13:58:55,295821,880元票,880,售罄,无响应,
2026-06-06 13:58:55,295821,780元票,780,售罄,无响应,
2026-06-06 13:58:55,295821,580元票,580,售罄,无响应,
2026-06-06 13:58:55,295821,480元票,480,售罄,无响应,
2026-06-06 13:58:55,295821,380元票,380,售罄,无响应,
2026-06-06 13:58:55,295821,280元票,280,售罄,无响应,
2026-06-06 13:58:59,295821,880元票,880,售罄,无响应,
2026-06-06 13:58:59,295821,780元票,780,售罄,无响应,
2026-06-06 13:58:59,295821,580元票,580,售罄,无响应,
2026-06-06 13:58:59,295821,480元票,480,售罄,无响应,
2026-06-06 13:58:59,295821,380元票,380,售罄,无响应,
2026-06-06 13:58:59,295821,280元票,280,售罄,无响应,
2026-06-06 13:59:04,295821,880元票,880,售罄,无响应,
2026-06-06 13:59:04,295821,780元票,780,售罄,无响应,
2026-06-06 13:59:04,295821,580元票,580,售罄,无响应,
2026-06-06 13:59:04,295821,480元票,480,售罄,无响应,
2026-06-06 13:59:04,295821,380元票,380,售罄,无响应,
2026-06-06 13:59:04,295821,280元票,280,售罄,无响应,
2026-06-06 13:59:08,295821,880元票,880,售罄,无响应,
2026-06-06 13:59:08,295821,780元票,780,售罄,无响应,
2026-06-06 13:59:08,295821,580元票,580,售罄,无响应,
2026-06-06 13:59:08,295821,480元票,480,售罄,无响应,
2026-06-06 13:59:08,295821,380元票,380,售罄,无响应,
2026-06-06 13:59:08,295821,280元票,280,售罄,无响应,
2026-06-06 13:59:12,295821,880元票,880,售罄,无响应,
2026-06-06 13:59:12,295821,780元票,780,售罄,无响应,
2026-06-06 13:59:12,295821,580元票,580,售罄,无响应,
2026-06-06 13:59:12,295821,480元票,480,售罄,无响应,
2026-06-06 13:59:12,295821,380元票,380,售罄,无响应,
2026-06-06 13:59:12,295821,280元票,280,售罄,无响应,
2026-06-06 13:59:17,295821,880元票,880,售罄,无响应,
2026-06-06 13:59:17,295821,780元票,780,售罄,无响应,
2026-06-06 13:59:17,295821,580元票,580,售罄,无响应,
2026-06-06 13:59:17,295821,480元票,480,售罄,无响应,
2026-06-06 13:59:17,295821,380元票,380,售罄,无响应,
2026-06-06 13:59:17,295821,280元票,280,售罄,无响应,
2026-06-06 13:59:21,295821,880元票,880,售罄,无响应,
2026-06-06 13:59:21,295821,780元票,780,售罄,无响应,
2026-06-06 13:59:21,295821,580元票,580,售罄,无响应,
2026-06-06 13:59:21,295821,480元票,480,售罄,无响应,
2026-06-06 13:59:21,295821,380元票,380,售罄,无响应,
2026-06-06 13:59:21,295821,280元票,280,售罄,无响应,
2026-06-06 13:59:26,295821,880元票,880,售罄,无响应,
2026-06-06 13:59:26,295821,780元票,780,售罄,无响应,
2026-06-06 13:59:26,295821,580元票,580,售罄,无响应,
2026-06-06 13:59:26,295821,480元票,480,售罄,无响应,
2026-06-06 13:59:26,295821,380元票,380,售罄,无响应,
2026-06-06 13:59:26,295821,280元票,280,售罄,无响应,
2026-06-06 13:59:30,295821,880元票,880,售罄,无响应,
2026-06-06 13:59:30,295821,780元票,780,售罄,无响应,
2026-06-06 13:59:30,295821,580元票,580,售罄,无响应,
2026-06-06 13:59:30,295821,480元票,480,售罄,无响应,
2026-06-06 13:59:30,295821,380元票,380,售罄,无响应,
2026-06-06 13:59:30,295821,280元票,280,售罄,无响应,
2026-06-06 13:59:35,295821,880元票,880,售罄,无响应,
2026-06-06 13:59:35,295821,780元票,780,售罄,无响应,
2026-06-06 13:59:35,295821,580元票,580,售罄,无响应,
2026-06-06 13:59:35,295821,480元票,480,售罄,无响应,
2026-06-06 13:59:35,295821,380元票,380,售罄,无响应,
2026-06-06 13:59:35,295821,280元票,280,售罄,无响应,
2026-06-06 13:59:39,295821,880元票,880,售罄,无响应,
2026-06-06 13:59:39,295821,780元票,780,售罄,无响应,
2026-06-06 13:59:39,295821,580元票,580,售罄,无响应,
2026-06-06 13:59:39,295821,480元票,480,售罄,无响应,
2026-06-06 13:59:39,295821,380元票,380,售罄,无响应,
2026-06-06 13:59:39,295821,280元票,280,售罄,无响应,
2026-06-06 13:59:43,295821,880元票,880,售罄,无响应,
2026-06-06 13:59:43,295821,780元票,780,售罄,无响应,
2026-06-06 13:59:43,295821,580元票,580,售罄,无响应,
2026-06-06 13:59:43,295821,480元票,480,售罄,无响应,
2026-06-06 13:59:43,295821,380元票,380,售罄,无响应,
2026-06-06 13:59:43,295821,280元票,280,售罄,无响应,
2026-06-06 13:59:50,295821,880元票,880,售罄,无响应,
2026-06-06 13:59:50,295821,780元票,780,售罄,无响应,
2026-06-06 13:59:50,295821,580元票,580,售罄,无响应,
2026-06-06 13:59:50,295821,480元票,480,售罄,无响应,
2026-06-06 13:59:50,295821,380元票,380,售罄,无响应,
2026-06-06 13:59:50,295821,280元票,280,售罄,无响应,
2026-06-06 13:59:55,295821,880元票,880,售罄,无响应,
2026-06-06 13:59:55,295821,780元票,780,售罄,无响应,
2026-06-06 13:59:55,295821,580元票,580,售罄,无响应,
2026-06-06 13:59:55,295821,480元票,480,售罄,无响应,
2026-06-06 13:59:55,295821,380元票,380,售罄,无响应,
2026-06-06 13:59:55,295821,280元票,280,售罄,无响应,
2026-06-06 13:59:59,295821,880元票,880,售罄,无响应,
2026-06-06 13:59:59,295821,780元票,780,售罄,无响应,
2026-06-06 13:59:59,295821,580元票,580,售罄,无响应,
2026-06-06 13:59:59,295821,480元票,480,售罄,无响应,
2026-06-06 13:59:59,295821,380元票,380,售罄,无响应,
2026-06-06 13:59:59,295821,280元票,280,售罄,无响应,
2026-06-06 14:00:04,295821,880元票,880,售罄,无响应,
2026-06-06 14:00:04,295821,780元票,780,售罄,无响应,
2026-06-06 14:00:04,295821,580元票,580,售罄,无响应,
2026-06-06 14:00:04,295821,480元票,480,售罄,无响应,
2026-06-06 14:00:04,295821,380元票,380,售罄,无响应,
2026-06-06 14:00:04,295821,280元票,280,售罄,无响应,
2026-06-06 14:00:08,295821,880元票,880,售罄,无响应,
2026-06-06 14:00:08,295821,780元票,780,售罄,无响应,
2026-06-06 14:00:08,295821,580元票,580,售罄,无响应,
2026-06-06 14:00:08,295821,480元票,480,售罄,无响应,
2026-06-06 14:00:08,295821,380元票,380,售罄,无响应,
2026-06-06 14:00:08,295821,280元票,280,售罄,无响应,
2026-06-06 14:00:12,295821,880元票,880,售罄,无响应,
2026-06-06 14:00:12,295821,780元票,780,售罄,无响应,
2026-06-06 14:00:12,295821,580元票,580,售罄,无响应,
2026-06-06 14:00:12,295821,480元票,480,售罄,无响应,
2026-06-06 14:00:12,295821,380元票,380,售罄,无响应,
2026-06-06 14:00:12,295821,280元票,280,售罄,无响应,
2026-06-06 14:00:17,295821,880元票,880,售罄,无响应,
2026-06-06 14:00:17,295821,780元票,780,售罄,无响应,
2026-06-06 14:00:17,295821,580元票,580,售罄,无响应,
2026-06-06 14:00:17,295821,480元票,480,售罄,无响应,
2026-06-06 14:00:17,295821,380元票,380,售罄,无响应,
2026-06-06 14:00:17,295821,280元票,280,售罄,无响应,
2026-06-06 14:00:21,295821,880元票,880,售罄,无响应,
2026-06-06 14:00:21,295821,780元票,780,售罄,无响应,
2026-06-06 14:00:21,295821,580元票,580,售罄,无响应,
2026-06-06 14:00:21,295821,480元票,480,售罄,无响应,
2026-06-06 14:00:21,295821,380元票,380,售罄,无响应,
2026-06-06 14:00:21,295821,280元票,280,售罄,无响应,
2026-06-06 14:00:25,295821,880元票,880,售罄,无响应,
2026-06-06 14:00:25,295821,780元票,780,售罄,无响应,
2026-06-06 14:00:25,295821,580元票,580,售罄,无响应,
2026-06-06 14:00:25,295821,480元票,480,售罄,无响应,
2026-06-06 14:00:25,295821,380元票,380,售罄,无响应,
2026-06-06 14:00:25,295821,280元票,280,售罄,无响应,
2026-06-06 14:00:30,295821,880元票,880,售罄,无响应,
2026-06-06 14:00:30,295821,780元票,780,售罄,无响应,
2026-06-06 14:00:30,295821,580元票,580,售罄,无响应,
2026-06-06 14:00:30,295821,480元票,480,售罄,无响应,
2026-06-06 14:00:30,295821,380元票,380,售罄,无响应,
2026-06-06 14:00:30,295821,280元票,280,售罄,无响应,
2026-06-06 14:00:34,295821,880元票,880,售罄,无响应,
2026-06-06 14:00:34,295821,780元票,780,售罄,无响应,
2026-06-06 14:00:34,295821,580元票,580,售罄,无响应,
2026-06-06 14:00:34,295821,480元票,480,售罄,无响应,
2026-06-06 14:00:34,295821,380元票,380,售罄,无响应,
2026-06-06 14:00:34,295821,280元票,280,售罄,无响应,
2026-06-06 14:00:39,295821,880元票,880,售罄,无响应,
2026-06-06 14:00:39,295821,780元票,780,售罄,无响应,
2026-06-06 14:00:39,295821,580元票,580,售罄,无响应,
2026-06-06 14:00:39,295821,480元票,480,售罄,无响应,
2026-06-06 14:00:39,295821,380元票,380,售罄,无响应,
2026-06-06 14:00:39,295821,280元票,280,售罄,无响应,
2026-06-06 14:00:43,295821,880元票,880,售罄,无响应,
2026-06-06 14:00:43,295821,780元票,780,售罄,无响应,
2026-06-06 14:00:43,295821,580元票,580,售罄,无响应,
2026-06-06 14:00:43,295821,480元票,480,售罄,无响应,
2026-06-06 14:00:43,295821,380元票,380,售罄,无响应,
2026-06-06 14:00:43,295821,280元票,280,售罄,无响应,
2026-06-06 14:00:47,295821,880元票,880,售罄,无响应,
2026-06-06 14:00:47,295821,780元票,780,售罄,无响应,
2026-06-06 14:00:47,295821,580元票,580,售罄,无响应,
2026-06-06 14:00:47,295821,480元票,480,售罄,无响应,
2026-06-06 14:00:47,295821,380元票,380,售罄,无响应,
2026-06-06 14:00:47,295821,280元票,280,售罄,无响应,
2026-06-06 14:00:52,295821,880元票,880,售罄,无响应,
2026-06-06 14:00:52,295821,780元票,780,售罄,无响应,
2026-06-06 14:00:52,295821,580元票,580,售罄,无响应,
2026-06-06 14:00:52,295821,480元票,480,售罄,无响应,
2026-06-06 14:00:52,295821,380元票,380,售罄,无响应,
2026-06-06 14:00:52,295821,280元票,280,售罄,无响应,
2026-06-06 14:00:56,295821,880元票,880,售罄,无响应,
2026-06-06 14:00:56,295821,780元票,780,售罄,无响应,
2026-06-06 14:00:56,295821,580元票,580,售罄,无响应,
2026-06-06 14:00:56,295821,480元票,480,售罄,无响应,
2026-06-06 14:00:56,295821,380元票,380,售罄,无响应,
2026-06-06 14:00:56,295821,280元票,280,售罄,无响应,
2026-06-06 14:01:00,295821,880元票,880,售罄,无响应,
2026-06-06 14:01:00,295821,780元票,780,售罄,无响应,
2026-06-06 14:01:00,295821,580元票,580,售罄,无响应,
2026-06-06 14:01:00,295821,480元票,480,售罄,无响应,
2026-06-06 14:01:00,295821,380元票,380,售罄,无响应,
2026-06-06 14:01:00,295821,280元票,280,售罄,无响应,
2026-06-06 14:01:05,295821,880元票,880,售罄,无响应,
2026-06-06 14:01:05,295821,780元票,780,售罄,无响应,
2026-06-06 14:01:05,295821,580元票,580,售罄,无响应,
2026-06-06 14:01:05,295821,480元票,480,售罄,无响应,
2026-06-06 14:01:05,295821,380元票,380,售罄,无响应,
2026-06-06 14:01:05,295821,280元票,280,售罄,无响应,
2026-06-06 14:01:09,295821,880元票,880,售罄,无响应,
2026-06-06 14:01:09,295821,780元票,780,售罄,无响应,
2026-06-06 14:01:09,295821,580元票,580,售罄,无响应,
2026-06-06 14:01:09,295821,480元票,480,售罄,无响应,
2026-06-06 14:01:09,295821,380元票,380,售罄,无响应,
2026-06-06 14:01:09,295821,280元票,280,售罄,无响应,
